key,idx,acid,x,y,z,r,t
A1001,1001,M,45.732,29.017375,18.1735329827,54.1610919008,0.565408190478
A1002,1002,Y,42.90075,24.0403333333,21.2134079827,49.1773522807,0.510770656744
A1003,1003,L,41.8065,27.529,23.5997829827,50.0562611793,0.582317745616
A1004,1004,R,43.1149090909,32.1905,18.2708398009,53.8063534926,0.641335090505
A1005,1005,I,40.623375,27.49775,17.0247829827,49.0549166899,0.595050210241
A1006,1006,T,38.424,25.9179285714,20.2518008398,46.3480614204,0.593422916267
A1007,1007,N,36.682,29.748875,21.4132829827,47.2288543982,0.681408628885
A1008,1008,I,36.30725,30.355,16.2840329827,47.3248605657,0.696344660859
A1009,1009,V,34.6622857143,26.0109285714,16.1400865541,43.3363872062,0.643763507886
A1010,1010,E,32.8722222222,25.2993888889,20.0558802049,41.4806228495,0.655945258973
A1011,1011,S,31.1211666667,29.6865,17.8361579827,43.0094791522,0.761809023576
A1012,1012,S,27.6083333333,30.9533333333,17.3368246494,41.4768479261,0.842455441355
A1013,1013,F,29.5751818182,33.6604090909,13.0737488918,44.8075274898,0.84991180288
A1014,1014,F,31.857,28.2171363636,12.8490216191,42.556729592,0.724882614588
A1015,1015,T,27.1118571429,27.1026428571,13.3982294113,38.3354411423,0.785228203597
A1016,1016,K,24.3373333333,31.0337222222,13.4108802049,39.438530763,0.905750321392
A1017,1017,F,29.0062727273,31.5302272727,8.02120343725,42.8429584576,0.827067133242
A1018,1018,I,28.326,26.786875,8.1985329827,38.9858813965,0.757478642534
A1019,1019,I,23.527625,26.777875,8.8927829827,35.6455288593,0.849918714648
A1020,1020,Y,23.9281666667,32.3161666667,5.15899131604,40.2105929831,0.933442061528
A1021,1021,L,26.91125,29.028875,3.3689079827,39.5839735288,0.823235303343
A1022,1022,I,24.1845,24.855875,3.8321579827,34.6800311745,0.79908755833
A1023,1023,V,20.4754285714,27.5943571429,2.7576579827,34.3611949925,0.932425196798
A1024,1024,L,22.962625,30.336875,0.252657982704,38.0474457967,0.922880321228
A1025,1025,N,25.10375,25.9245,-2.1067170173,36.0870886095,0.801481004458
A1026,1026,G,21.18,25.2215,-2.1185920173,32.9350339646,0.872277390694
A1027,1027,I,18.973125,28.369875,-2.9520920173,34.129595365,0.981334021527
A1028,1028,T,22.7768571429,27.9869285714,-5.94519916015,36.083976945,0.887673681332
A1029,1029,M,22.502625,23.379125,-6.0070920173,32.4492159791,0.804499296189
A1030,1030,G,18.5,24.96075,-8.3330920173,31.0691010582,0.932974524533
A1031,1031,L,19.251125,28.31475,-9.6278420173,34.2393177696,0.973689828438
A1032,1032,E,23.7242222222,24.9846111111,-10.907008684,34.4538751438,0.81126837237
A1033,1033,T,18.7551428571,23.2539285714,-12.7271991602,29.8747481596,0.892082384677
A1034,1034,S,18.2985,26.706,-15.1596753506,32.3735314455,0.970083959133
A1035,1035,K,18.3301111111,26.0227222222,-20.0102309062,31.830410698,0.957131004437
A1036,1036,T,18.1594285714,30.1730714286,-18.4603420173,35.2161764744,1.02902334707
A1037,1037,F,20.7531818182,31.0653181818,-13.3977056537,37.3597182714,0.981836731168
A1038,1038,M,23.573,28.555625,-15.8907170173,37.0285031853,0.880691941332
A1039,1039,Q,22.3643333333,31.1270555556,-20.675008684,38.3282792857,0.947771522269
A1040,1040,S,22.9691666667,34.5196666667,-16.8853420173,41.4631161894,0.983675567065
A1041,1041,F,22.9793636364,35.2001363636,-12.63606929,42.0368975205,0.992441023245
A1042,1042,G,26.725,31.2365,-14.1830920173,41.1089352483,0.863077692961
A1043,1043,V,30.1837142857,32.6360714286,-13.3619134459,44.4541310383,0.824416324401
A1044,1044,Y,27.7509166667,36.0384166667,-11.0020920173,45.4849519257,0.914594339131
A1045,1045,T,26.9351428571,30.0369285714,-9.32648487444,40.3449996746,0.839788434992
A1046,1046,T,30.6964285714,28.5510714286,-10.8386277316,41.9217653106,0.749203889599
A1047,1047,L,33.05225,31.5915,-8.9033420173,45.7217027495,0.762805082918
A1048,1048,F,28.7261818182,30.7205,-4.12879656275,42.0587998177,0.818933601278
A1049,1049,N,30.22,26.523125,-6.0414670173,40.2085135235,0.720339046182
A1050,1050,Q,35.8375555556,26.6478333333,-5.43589757285,44.6591245946,0.639375027255
A1051,1051,I,33.79375,30.42425,-2.4529670173,45.4714473832,0.732976522417
A1052,1052,V,31.3881428571,27.1313571429,-0.360056303011,41.4888666082,0.712784735662
A1053,1053,I,34.608375,23.707125,-1.4685920173,41.9495815939,0.600595384506
A1054,1054,T,37.0831428571,26.7786428571,0.318657982704,45.7411761702,0.625420758536
A1055,1055,I,34.52875,28.273,3.3902829827,44.6273134477,0.686114597283
A1056,1056,F,32.1058181818,24.0427727273,3.8616579827,40.1103288635,0.642771303511
A1057,1057,T,37.9774285714,22.4490714286,3.53422941128,44.1162769157,0.533861650037
A1058,1058,I,38.713375,25.901375,6.2031579827,46.5790363874,0.589654205307
A1059,1059,E,34.0754444444,23.9822777778,8.69199131604,41.6687600187,0.61327135668
A1060,1060,I,36.43825,19.98975,8.0919079827,41.5612339582,0.501761940525
A1061,1061,I,40.689125,21.70875,8.8037829827,46.1180519952,0.490108154012
A1062,1062,L,39.183625,24.464375,12.0104079827,46.1937453805,0.558133208784
A1063,1063,R,34.6758181818,20.3915,12.5727488918,40.2271753772,0.53159464791
A1064,1064,I,39.932375,17.756125,12.5774079827,43.702111484,0.41840003174
A1065,1065,Y,43.7179166667,20.8939166667,13.8634079827,48.4542257326,0.4458327507
A1066,1066,V,38.8892857143,21.3440714286,18.0770865541,44.3615365888,0.501953678744
A1067,1067,H,37.007,17.9171,17.8200579827,41.1161832058,0.450890920769
A1068,1068,R,43.0290909091,14.6501363636,15.90493071,45.4546934863,0.328160198
A1069,1069,I,40.464,10.74,17.8825329827,41.8650557864,0.259439172183
A1070,1070,S,36.6998333333,12.686,18.4046579827,38.8305596495,0.332811398545
A1071,1071,F,36.1936363636,14.6291363636,12.9371125282,39.0383266031,0.38411394307
A1072,1072,F,38.3826363636,11.2825909091,11.9724761645,40.0065448626,0.285897493873
A1073,1073,K,35.4826666667,8.31094444444,17.0632135383,36.4429887816,0.230077843265
A1074,1074,D,31.249875,12.117375,14.7746579827,33.5169429454,0.369908196355
A1075,1075,P,29.0384285714,9.98892857143,12.986943697,30.7084520597,0.331310683859
A1076,1076,W,25.8914285714,13.1734285714,12.7506579827,29.0500480859,0.47065880282
A1077,1077,S,31.9363333333,14.3943333333,11.3663246494,35.0303613868,0.423452235609
A1078,1078,L,32.831375,10.793375,9.4462829827,34.5600365781,0.317621560362
A1079,1079,F,27.9999090909,12.9747727273,5.77020343725,30.8600005901,0.433929998642
A1080,1080,D,30.37175,16.563375,7.1976579827,34.5946323792,0.499269726644
A1081,1081,F,36.0671818182,14.0940454545,5.68174889179,38.7231677627,0.372525995785
A1082,1082,F,33.9677272727,10.5689545455,3.48956707361,35.5739974737,0.301651716889
A1083,1083,V,30.2458571429,15.1199285714,1.56237226842,33.8145547703,0.463568256142
A1084,1084,V,33.5915714286,17.9653571429,1.49422941128,38.0939329593,0.491112035188
A1085,1085,A,35.6412,15.0673,-0.402942017296,38.6952021151,0.399962922872
A1086,1086,I,32.912375,13.819625,-3.0178420173,35.6960286766,0.397535718482
A1087,1087,S,33.1286666667,18.371,-3.56967535063,37.8814228364,0.506318188681
A1088,1088,L,37.265,18.2475,-2.9637170173,41.4927883041,0.455348373503
A1089,1089,V,36.8917142857,15.2246428571,-6.78619916015,39.9097523554,0.39139333724
A1090,1090,P,38.5102857143,16.9296428571,-9.69205630301,42.0672665272,0.414183047908
A1091,1091,T,35.2774285714,19.0486428571,-12.5857705887,40.0917418094,0.495107616483
A1092,1092,S,37.0225,16.6531666667,-14.5243420173,40.5954857869,0.422697616787
A1093,1093,S,38.244,13.364,-14.171508684,40.5117270923,0.336176233641
A1094,1094,G,36.3045,10.30425,-14.8470920173,37.7384987554,0.276555284273
A1095,1095,F,33.0112727273,8.73659090909,-12.8484329264,34.1477985789,0.258723129237
A1096,1096,E,29.2613333333,14.1971666667,-13.993008684,32.5236094216,0.451725704291
A1097,1097,I,29.163875,9.93675,-10.6173420173,30.8102354028,0.328384817946
A1098,1098,L,31.975,12.286,-8.2829670173,34.2541445813,0.366844765805
A1099,1099,R,30.3418181818,16.7524090909,-12.5255238355,34.6593297819,0.504471525596
A1100,1100,V,26.0182857143,14.5673571429,-9.18305630301,29.8187706929,0.510403968667
A1101,1101,L,27.582625,12.55825,-5.5222170173,30.3069438405,0.427249079399
A1102,1102,R,30.1744545455,18.0739545455,-6.44843292639,35.1733640704,0.539670620351
A1103,1103,V,24.0134285714,17.4642142857,-4.12948487444,29.6924827586,0.628793633455
A1104,1104,L,25.15625,14.41875,-1.2013420173,28.9954697431,0.52045616884
A1105,1105,R,27.3149090909,20.2024090909,-0.837342017296,33.9741312136,0.636818969673
A1106,1106,L,22.491,20.112875,0.412657982704,30.1723850858,0.729636576508
A1107,1107,F,21.9825454545,15.2075909091,2.80993070998,26.730191281,0.605203411508
A1108,1108,R,27.1227272727,20.0191363636,6.56611252816,33.7106534416,0.635837958581
A1109,1109,L,20.849875,21.206125,6.7315329827,29.7391497026,0.793868809189
A1110,1110,V,20.9404285714,16.9179285714,8.76994369699,26.9205842415,0.679544003538
A1111,1111,T,24.8477142857,17.6553571429,10.3910865541,30.4814786562,0.617766483277
A1112,1112,A,24.3504,21.4833,11.3574579827,32.472667877,0.722925156636
A1113,1113,V,20.5704285714,21.3767857143,12.122943697,29.6666394977,0.804618935372
A1114,1114,P,19.8882857143,20.6953571429,15.5523722684,28.7026430129,0.80528216109
A1115,1115,Q,15.8471111111,19.8345,15.4493246494,25.3877592713,0.89668557549
A1116,1116,M,16.896,17.52125,11.5436579827,24.3406864645,0.803562927567
A1117,1117,R,22.3151818182,15.8892272727,14.7104761645,27.3940665638,0.618758654962
A1118,1118,K,15.9147777778,14.0711666667,17.798991316,21.2433020756,0.723992948756
A1119,1119,I,14.36925,12.602875,13.1316579827,19.1130270713,0.720002638563
A1120,1120,V,18.2547142857,10.8279285714,11.3716579827,21.2244818736,0.535373378458
A1121,1121,S,19.0648333333,9.34283333333,15.183991316,21.2310245801,0.455660698596
A1122,1122,A,15.3936,7.9209,15.5006579827,17.3119489882,0.475226063411
A1123,1123,L,14.587125,7.159125,11.7305329827,16.2492241824,0.456247523212
A1124,1124,I,19.065,5.1565,12.1916579827,19.7500308164,0.264149332036
A1125,1125,S,17.4118333333,3.447,16.0668246494,17.749753492,0.195441735985
A1126,1126,V,14.7494285714,1.15607142857,14.2415151256,14.7946660771,0.078220837723
A1127,1127,I,18.077875,-0.080125,11.2151579827,18.0780525647,-0.00443218438749
A1128,1128,P,19.236,-2.22807142857,14.4166579827,19.3646068458,-0.115314348669
A1129,1129,G,15.778,-4.3695,14.8109079827,16.3718604395,-0.270165425525
A1130,1130,M,14.777125,-4.28125,11.0504079827,15.3848147479,-0.28200045649
A1131,1131,L,19.325125,-6.479625,10.8721579827,20.3824923993,-0.32351534971
A1132,1132,S,17.0143333333,-10.5553333333,11.829991316,20.0225522987,-0.555269370745
A1133,1133,V,13.7941428571,-9.65264285714,9.20080083985,16.8360295584,-0.610567473612
A1134,1134,I,16.759875,-7.337375,6.6570329827,18.295641063,-0.412657296539
A1135,1135,A,18.3232,-11.5119,6.5328579827,21.6393969382,-0.56094666103
A1136,1136,L,14.73,-14.080125,6.5314079827,20.3770169558,-0.762844814213
A1137,1137,M,13.422875,-11.018125,3.0560329827,17.3658472808,-0.687323822699
A1138,1138,T,18.1517142857,-11.2833571429,1.60722941128,21.3728538086,-0.55616063017
A1139,1139,L,17.983125,-16.1105,2.3176579827,24.144171036,-0.730527340722
A1140,1140,F,12.4629090909,-15.5495909091,0.319476164522,19.9277163882,-0.895144866087
A1141,1141,F,14.2298181818,-11.4074090909,-2.52252383548,18.2377824215,-0.675749453706
A1142,1142,Y,20.5119166667,-16.0255833333,-3.39992535063,26.0299451885,-0.663222623349
A1143,1143,I,16.29725,-18.97275,-2.5515920173,25.0113094444,-0.861110828353
A1144,1144,F,12.0404545455,-17.5775,-4.36170565366,21.3058924223,-0.970213723615
A1145,1145,A,16.2488,-15.6023,-7.7559420173,22.5267677826,-0.765103378044
A1146,1146,I,18.568125,-18.89675,-7.9057170173,26.4926862847,-0.794169487798
A1147,1147,M,14.084625,-20.979125,-8.0299670173,25.2685644063,-0.979548910233
A1148,1148,A,13.5226,-17.7161,-11.5045420173,22.2872364812,-0.918840951152
A1149,1149,T,16.9898571429,-17.4416428571,-13.2847705887,24.3488429148,-0.798518700965
A1150,1150,Q,16.5475555556,-22.4741666667,-12.7894531284,27.9089548752,-0.936126030905
A1151,1151,L,11.878,-21.582,-13.7762170173,24.6347236234,-1.06767212608
A1152,1152,F,10.5031818182,-18.1756818182,-15.36606929,20.992194689,-1.04680781747
A1153,1153,G,15.22425,-16.879,-18.5378420173,22.730561565,-0.836897212821
A1154,1154,E,16.0171111111,-19.4881666667,-21.5506753506,25.2257108596,-0.882850168495
A1155,1155,R,10.2190909091,-19.0691363636,-23.55706929,21.6347355117,-1.07884527529
A1156,1156,F,10.1526363636,-14.6756818182,-20.0946147446,17.8452139791,-0.965594959403
A1157,1157,P,15.2471428571,-12.6670714286,-21.1269134459,19.8224636179,-0.693231440978
A1158,1158,E,13.4911111111,-7.79661111111,-20.0692309062,15.581951862,-0.524016420983
A1159,1159,W,10.4145,-9.57935714286,-17.4349848744,14.1501199119,-0.743652458242
A1160,1160,F,13.0198181818,-13.5772272727,-14.5972511082,18.8110809339,-0.806352652689
A1161,1161,G,18.17275,-14.20125,-17.1903420173,23.0634850819,-0.663332455951
A1162,1162,T,20.1662857143,-12.5212142857,-14.7799134459,23.737310014,-0.555644402759
A1163,1163,L,20.647625,-13.47,-10.1358420173,24.6528967495,-0.578043196513
A1164,1164,G,19.64925,-9.65025,-11.2310920173,21.8911020879,-0.456522930658
A1165,1165,E,17.7028888889,-9.58516666667,-14.9583420173,20.1312616356,-0.496252490337
A1166,1166,S,15.6541666667,-11.8988333333,-11.0588420173,19.6630406784,-0.649937933227
A1167,1167,F,17.6956363636,-10.0975909091,-6.78052383548,20.3739266829,-0.51854092011
A1168,1168,Y,14.3358333333,-4.56725,-11.0265920173,15.0457930972,-0.308423195004
A1169,1169,T,11.5955714286,-8.69307142857,-11.2847705887,14.4923002873,-0.643301988278
A1170,1170,L,11.51675,-10.776875,-7.3407170173,15.7726524506,-0.752222601317
A1171,1171,F,11.931,-4.58695454545,-5.16888747184,12.7823672691,-0.367035711955
A1172,1172,Q,8.36177777778,-5.00883333333,-9.95200868396,9.74719133731,-0.539695186418
A1173,1173,V,6.59842857143,-8.42835714286,-7.40662773158,10.7040395991,-0.906579260317
A1174,1174,M,8.0455,-6.57775,-2.7554670173,10.3921540266,-0.685362212966
A1175,1175,T,6.315,-3.1135,-4.98105630301,7.04081722884,-0.458058058803
A1176,1176,L,2.427125,-5.23875,-5.4913420173,5.77368490031,-1.13693542432
A1177,1177,E,4.71555555556,-2.14672222222,-10.5108975729,5.18120454112,-0.427205191763
A1178,1178,S,2.9095,-4.39933333333,-12.774008684,5.27440271763,-0.986483387666
A1179,1179,W,1.13714285714,-9.14942857143,-9.5328420173,9.21982304934,-1.4471447346
A1180,1180,S,-0.392166666667,-9.37416666667,-13.040008684,9.3823661935,-1.61260677637
A1181,1181,M,-1.658375,-7.040375,-16.1555920173,7.23305521763,-1.80213141316
A1182,1182,G,3.2865,-7.34175,-16.5463420173,8.04377867128,-1.14990228218
A1183,1183,I,5.408875,-9.815125,-14.9635920173,11.2068107654,-1.06712776462
A1184,1184,V,2.35871428571,-13.2673571429,-13.8327705887,13.4753960475,-1.39485136653
A1185,1185,R,-2.41645454545,-12.2280454545,-16.2164329264,12.4645235853,-1.76589830448
A1186,1186,P,2.60685714286,-12.4196428571,-19.2473420173,12.6902810395,-1.36390190762
A1187,1187,L,5.201,-15.626125,-17.1719670173,16.4689460354,-1.24948980612
A1188,1188,M,0.517,-17.43725,-16.8200920173,17.444912627,-1.54115583955
A1189,1189,E,0.542,-16.7366111111,-22.0044531284,16.7453849011,-1.53842354565
A1190,1190,V,4.806,-20.1149285714,-21.4606277316,20.6811021813,-1.33626613241
A1191,1191,Y,6.37708333333,-21.05775,-18.254758684,22.0021823214,-1.27673805551
A1192,1192,P,0.685714285714,-22.4560714286,-16.9387705887,22.4665384091,-1.54027000437
A1193,1193,Y,0.879416666667,-24.7830833333,-13.3356753506,24.7986812791,-1.53532665474
A1194,1194,A,3.5712,-19.2277,-12.4397420173,19.5565313062,-1.38715683558
A1195,1195,W,-0.765357142857,-20.4250714286,-9.72791344587,20.4394059214,-1.60825025844
A1196,1196,V,2.49714285714,-21.7797857143,-7.93091344587,21.9224722194,-1.45664064748
A1197,1197,F,7.57063636364,-18.4752272727,-8.00879656275,19.9661853575,-1.18189404367
A1198,1198,F,5.45118181818,-15.2344090909,-8.89188747184,16.180315311,-1.22717164886
A1199,1199,I,0.655875,-16.009375,-5.2337170173,16.0228043708,-1.52985104126
A1200,1200,P,3.33585714286,-17.9457857143,-2.84577058873,18.2531960977,-1.38700872632
A1201,1201,F,7.50190909091,-13.7985,-3.52579656275,15.7059619972,-1.07282159065
A1202,1202,I,3.03625,-12.018375,-3.0413420173,12.3959732052,-1.32334015711
A1203,1203,F,0.485363636364,-14.6572272727,0.444839800885,14.6652613064,-1.53769413533
A1204,1204,V,6.13428571429,-14.6693571429,2.31351512556,15.9002987459,-1.17472490735
A1205,1205,V,7.02542857143,-10.6359285714,0.943943696989,12.7467495146,-0.987049076233
A1206,1206,T,3.19442857143,-9.30021428571,2.33108655413,9.83353240998,-1.239942606
A1207,1207,F,3.37627272727,-12.4124090909,7.28947616452,12.8634022315,-1.30521401511
A1208,1208,V,7.50085714286,-10.1275,6.5016579827,12.6027423257,-0.933310951802
A1209,1209,M,7.19475,-6.163875,5.1815329827,9.47405840061,-0.708381557118
A1210,1210,I,2.671625,-7.0025,7.8234079827,7.49483731582,-1.20631789133
A1211,1211,N,5.23525,-8.86875,10.8372829827,10.298668318,-1.03753746318
A1212,1212,L,8.9005,-4.908375,9.7250329827,10.1642041199,-0.503972510449
A1213,1213,V,5.357,-2.55864285714,10.514943697,5.93667434431,-0.445588792146
A1214,1214,V,4.24628571429,-4.69692857143,14.062943697,6.33183072835,-0.835744942029
A1215,1215,A,7.9372,-3.9691,15.3196579827,8.87428299357,-0.463698003336
A1216,1216,I,8.793,-0.4585,13.9274079827,8.80494584027,-0.0520965685483
A1217,1217,C,4.85216666667,0.0628333333333,16.0808246494,4.85257348104,0.0129488176759
A1218,1218,V,5.34157142857,-2.88921428571,19.245943697,6.07288601205,-0.495823771745
A1219,1219,D,9.375375,-2.263375,19.6540329827,9.64471475894,-0.236884384684
A1220,1220,A,7.9666,2.1381,20.4306579827,8.24852636354,0.262204090945
A1221,1221,M,4.539625,0.62225,22.9515329827,4.58207269728,0.136221895526
G2001,2001,M,-28.925125,45.8705,18.0580329827,54.2288265272,2.13339980671
G2002,2002,Y,-24.1315833333,42.8598333333,21.1591579827,49.186366277,2.08359205183
G2003,2003,L,-27.538875,41.71775,23.4866579827,49.987601476,2.15425548684
G2004,2004,R,-32.1271818182,42.9857727273,18.0314761645,53.6650022691,2.2126256156
G2005,2005,I,-27.472125,40.544625,16.9160329827,48.9753434741,2.16631458389
G2006,2006,T,-25.9612857143,38.3986428571,20.2426579827,46.3513120549,2.16530064091
G2007,2007,N,-29.832125,36.633,21.2881579827,47.2433314978,2.25422690644
G2008,2008,I,-30.480375,36.1655,16.3029079827,47.2968989511,2.27109702128
G2009,2009,V,-26.1124285714,34.6997857143,16.0826579827,43.4273422456,2.2159109688
G2010,2010,E,-25.2227777778,32.8111666667,20.0633246494,41.385518927,2.22617438654
G2011,2011,S,-29.5556666667,31.0658333333,17.9461579827,42.8791724828,2.33128823761
G2012,2012,S,-30.7123333333,27.3508333333,17.3941579827,41.1256064126,2.41402378457
G2013,2013,F,-33.573,29.6262272727,13.2405670736,44.7756593633,2.41856319487
G2014,2014,F,-28.2891818182,31.7354090909,12.82493071,42.5136918899,2.29884385991
G2015,2015,T,-27.0684285714,27.0840714286,13.3595151256,38.2916015658,2.35590562344
G2016,2016,K,-31.0378888889,24.3561666667,13.4095468716,39.4534333281,2.47623619356
G2017,2017,F,-31.4829090909,29.0403181818,8.0236579827,42.8312227811,2.39653050963
G2018,2018,I,-26.83125,28.156375,8.1574079827,38.8934111348,2.33210054959
G2019,2019,I,-26.66025,23.401375,8.9757829827,35.4738394025,2.42120003767
G2020,2020,Y,-32.1805,23.852,5.19507464937,40.0562415143,2.50375111748
G2021,2021,L,-29.011125,26.862875,3.3521579827,39.5380756617,2.39462367697
G2022,2022,I,-24.93425,24.05,3.7762829827,34.6427383886,2.37424425048
G2023,2023,V,-27.5452857143,20.2777857143,2.8026579827,34.2042593628,2.50700701037
G2024,2024,L,-30.43125,23.071875,0.211907982704,38.1886421934,2.49288709432
G2025,2025,N,-26.016375,24.886,-2.1270920173,36.0022883181,2.37839756509
G2026,2026,G,-25.15375,20.999,-2.1393420173,32.7668909124,2.44597421116
G2027,2027,I,-28.285625,18.87,-3.0547170173,34.002257008,2.55327397348
G2028,2028,T,-27.7528571429,22.6733571429,-5.99077058872,35.8371623279,2.45658718647
G2029,2029,M,-23.22075,22.419375,-6.0927170173,32.2774163457,2.37375124885
G2030,2030,G,-24.86,18.35675,-8.2723420173,30.9029103898,2.50555369439
G2031,2031,L,-28.2405,19.055375,-9.5403420173,34.0680665234,2.54801237891
G2032,2032,E,-25.0644444444,23.6339444444,-10.9826753506,34.4498143001,2.38556073411
G2033,2033,T,-23.1215714286,18.7105,-12.6614848744,29.7437367453,2.46125337087
G2034,2034,S,-26.5265,18.2448333333,-15.1501753506,32.1951727067,2.53910401186
G2035,2035,K,-25.9112222222,18.3506111111,-20.027008684,31.7511632102,2.52537722046
G2036,2036,T,-30.0511428571,18.0643571429,-18.4914848744,35.0626893721,2.60034968497
G2037,2037,F,-31.0178181818,20.6537727273,-13.40506929,37.265042233,2.55414317315
G2038,2038,M,-28.55475,23.431,-15.9489670173,36.9375893713,2.45443785465
G2039,2039,Q,-31.1333333333,22.2092777778,-20.7462309062,38.2431230923,2.52195634278
G2040,2040,S,-34.4895,22.6981666667,-16.995508684,41.2884049132,2.55953161174
G2041,2041,F,-35.233,22.7858636364,-12.7611601991,41.9590260928,2.56752713234
G2042,2042,G,-31.3155,26.59525,-14.3008420173,41.084886063,2.4375237447
G2043,2043,V,-32.6661428571,30.0516428571,-13.3464848744,44.3866886305,2.3978571074
G2044,2044,Y,-36.1379166667,27.6354166667,-10.9598420173,45.4935740006,2.48873660731
G2045,2045,T,-30.052,26.8669285714,-9.3603420173,40.31072506,2.41209422807
G2046,2046,T,-28.5147142857,30.5857857143,-10.858056303,41.8160162923,2.32116561098
G2047,2047,L,-31.57325,32.86475,-8.7978420173,45.5736975472,2.33615465176
G2048,2048,F,-30.743,28.4672272727,-4.12406929002,41.8988672591,2.39461104708
G2049,2049,N,-26.612625,30.101,-5.9097170173,40.1783773987,2.2947632951
G2050,2050,Q,-26.6581111111,35.7473888889,-5.50711979507,44.5929445135,2.21156281921
G2051,2051,I,-30.362,33.763875,-2.4713420173,45.4076017756,2.30319421408
G2052,2052,V,-27.1455714286,31.3145,-0.362484874439,41.4424897712,2.28500259832
G2053,2053,I,-23.77,34.516,-1.4828420173,41.9090343005,2.17387509396
G2054,2054,T,-26.6518571429,37.1227857143,0.318657982704,45.6992637616,2.19346001841
G2055,2055,I,-28.291625,34.44325,3.3317829827,44.5730133119,2.25844947271
G2056,2056,F,-24.0029090909,32.0634090909,3.92129434634,40.0524886537,2.21340565114
G2057,2057,T,-22.5422857143,37.9663571429,3.60494369699,44.1542627605,2.10660291363
G2058,2058,I,-25.952,38.8655,6.1720329827,46.7336430663,2.15954076777
G2059,2059,E,-23.978,34.2187222222,8.62943576048,41.7835545941,2.18201038571
G2060,2060,I,-20.0265,36.4065,8.1286579827,41.5511004006,2.07370121916
G2061,2061,I,-21.849125,40.7295,8.7291579827,46.2198705485,2.06317287846
G2062,2062,L,-24.564875,39.15675,11.9787829827,46.2242810039,2.13108169067
G2063,2063,R,-20.3251818182,34.6794090909,12.6410216191,40.1966967652,2.10092352714
G2064,2064,I,-17.837625,40.002625,12.6069079827,43.7994391806,1.99024494106
G2065,2065,Y,-21.1538333333,43.6626666667,13.865741316,48.5171425904,2.02195370769
G2066,2066,V,-21.4522857143,38.8526428571,18.0435151256,44.3816225408,2.07528474531
G2067,2067,H,-18.0394,36.9315,17.7974579827,41.101771794,2.02516588068
G2068,2068,R,-14.7229090909,43.0204090909,16.0831125282,45.4699862596,1.90053311526
G2069,2069,I,-10.934,40.347125,17.9014079827,41.8024263861,1.83543834336
G2070,2070,S,-12.7766666667,36.7445,18.498991316,38.9024612507,1.90543534604
G2071,2071,F,-14.6095454545,36.1778636364,12.9868398009,39.0163636911,1.95459622986
G2072,2072,F,-11.3915454545,38.4308636364,12.0494761645,40.0836448902,1.8589623532
G2073,2073,K,-8.30611111111,35.5173888889,16.9962135383,36.4756959533,1.80052806325
G2074,2074,D,-12.1605,31.196625,14.8014079827,33.4829385156,1.94248033931
G2075,2075,P,-9.97042857143,28.9912142857,12.9988008398,30.6577877815,1.90203734091
G2076,2076,W,-13.1992142857,25.7694285714,12.7665865541,28.9531122102,2.04415970573
G2077,2077,S,-14.4868333333,31.8458333333,11.3101579827,34.9860749545,1.99772187663
G2078,2078,L,-10.87325,32.786875,9.5282829827,34.5428246938,1.89101690828
G2079,2079,F,-13.0057272727,28.0005,5.79393070998,30.873563807,2.00562797883
G2080,2080,D,-16.581625,30.31425,7.2572829827,34.5529165296,2.07132650823
G2081,2081,F,-14.1719090909,36.0298636364,5.7056579827,38.7168449249,1.94554631028
G2082,2082,F,-10.5900909091,33.7115,3.54974889179,35.3357504196,1.87517351743
G2083,2083,V,-15.2001428571,30.1692142857,1.59537226842,33.7820341823,2.0375029122
G2084,2084,V,-17.9187142857,33.6480714286,1.5246579827,38.1218183265,2.06013048487
G2085,2085,A,-15.0824,35.7267,-0.523542017296,38.7798386104,1.97025939946
G2086,2086,I,-13.9265,32.844375,-3.0387170173,35.6749263684,1.97183217681
G2087,2087,S,-18.518,33.3301666667,-3.57800868396,38.128943521,2.07792327684
G2088,2088,L,-18.39975,37.40425,-2.8614670173,41.6848739728,2.02795586726
G2089,2089,V,-15.4881428571,37.0676428571,-6.76448487444,40.1732836117,1.96658217586
G2090,2090,P,-16.9082857143,38.3999285714,-9.79791344587,41.9576529383,1.98557190245
G2091,2091,T,-19.0887142857,35.2179285714,-12.5227705887,40.0584760811,2.06748986479
G2092,2092,S,-16.81,37.0528333333,-14.464008684,40.6876954131,1.99670342905
G2093,2093,S,-13.4866666667,38.1735,-14.077008684,40.4858775381,1.91040726298
G2094,2094,G,-10.57125,36.103,-14.7613420173,37.6188508007,1.85564203664
G2095,2095,F,-8.52790909091,32.7869545455,-12.9309783809,33.8778633008,1.82525868569
G2096,2096,E,-14.1982222222,29.1627222222,-14.0967864617,32.4353800915,2.02387842939
G2097,2097,I,-10.060875,28.997625,-10.5827170173,30.6933781361,1.90475600366
G2098,2098,L,-12.30675,31.969625,-8.3429670173,34.2565762767,1.93826279029
G2099,2099,R,-16.8847272727,30.2195,-12.2727965628,34.6166462172,2.0803220081
G2100,2100,V,-14.5952857143,26.0156428571,-9.28562773158,29.8301196503,2.08206050372
G2101,2101,L,-12.5255,27.47175,-5.5978420173,30.1924692318,1.99857987926
G2102,2102,R,-17.964,30.1845909091,-6.44425110821,35.1257003396,2.10763322935
G2103,2103,V,-17.4235714286,23.9715,-4.18705630301,29.6346697902,2.19931297725
G2104,2104,L,-14.433625,25.193375,-1.1764670173,29.0350766235,2.0910611432
G2105,2105,R,-20.2394545455,27.3647727273,-0.882978380933,34.036249892,2.20761921192
G2106,2106,L,-20.022875,22.359,0.334532982704,30.0140034695,2.30112936276
G2107,2107,F,-15.2405454545,21.8891363636,2.85456707361,26.6722424347,2.17900828422
G2108,2108,R,-20.054,26.8902272727,6.51320343725,33.5447050781,2.21158653159
G2109,2109,L,-21.20275,20.673125,6.7524079827,29.6130833388,2.36884131281
G2110,2110,V,-16.8688571429,20.8482142857,8.76237226842,26.818023421,2.25107790626
G2111,2111,T,-17.5097142857,24.7136428571,10.3980865541,30.2878562734,2.18720688692
G2112,2112,A,-21.3154,24.2031,11.4494579827,32.2511445808,2.29283925369
G2113,2113,V,-21.375,20.4223571429,12.1710865541,29.5628702306,2.37898248485
G2114,2114,P,-20.5318571429,19.8159285714,15.5793722684,28.5346838581,2.37393656542
G2115,2115,Q,-19.8118888889,15.7393888889,15.514991316,25.3029504987,2.47025017567
G2116,2116,M,-17.46825,16.82,11.5891579827,24.2497867632,2.37509813156
G2117,2117,R,-15.762,22.3704090909,14.7570216191,27.3655960449,2.18459718939
G2118,2118,K,-14.6037777778,16.3133888889,17.7262135383,21.8951360449,2.30095424696
G2119,2119,I,-12.88175,14.31325,13.3821579827,19.2563913708,2.3036046736
G2120,2120,V,-10.9487142857,18.0582142857,11.390943697,21.1180834286,2.11583607551
G2121,2121,S,-9.576,18.9255,15.1236579827,21.2102410701,2.03921966013
G2122,2122,A,-7.9118,15.3483,15.5206579827,17.2675097258,2.0467541064
G2123,2123,L,-7.15925,14.56425,11.7279079827,16.2287472907,2.02767178147
G2124,2124,I,-5.217,19.101125,12.1695329827,19.8007592093,1.83741878588
G2125,2125,S,-3.4355,17.364,16.0088246494,17.7005976241,1.76612553352
G2126,2126,V,-1.23485714286,14.6799285714,14.1333722684,14.7317743339,1.65471750115
G2127,2127,I,0.077625,17.768875,11.2512829827,17.7690445552,1.56642776063
G2128,2128,P,2.15771428571,19.1112142857,14.5003722684,19.2326348276,1.45836937454
G2129,2129,G,4.31,15.62775,14.7736579827,16.211189656,1.30169445017
G2130,2130,M,4.266,14.7505,11.0069079827,15.3549993894,1.28926727985
G2131,2131,L,6.415375,19.285375,10.8546579827,20.3244366535,1.24965646291
G2132,2132,S,10.402,17.0166666667,11.847991316,19.9441356906,1.02212174271
G2133,2133,V,9.57885714286,13.7816428571,9.19208655413,16.7835688697,0.963403848422
G2134,2134,I,7.276875,16.72225,6.6727829827,18.2369557445,1.16035059709
G2135,2135,A,11.3816,18.3313,6.5984579827,21.5772421373,1.01516273642
G2136,2136,L,14.028875,14.7785,6.5662829827,20.3767857135,0.811414274462
G2137,2137,M,10.906,13.547625,3.0730329827,17.3919228132,0.893006781213
G2138,2138,T,11.1464285714,18.2066428571,1.61751512556,21.3477098075,1.02144164255
G2139,2139,L,16.0605,18.0435,2.2856579827,24.1559009871,0.843478439461
G2140,2140,F,15.484,12.4959545455,0.335476164522,19.8973147938,0.67900902016
G2141,2141,F,11.4363636364,14.2030454545,-2.46816019911,18.2350462957,0.892889634568
G2142,2142,Y,15.915,20.5525833333,-3.38050868396,25.9941513936,0.911889220123
G2143,2143,I,18.818125,16.4215,-2.5024670173,24.9757380425,0.717493348761
G2144,2144,F,17.5699090909,12.0233181818,-4.32561474457,21.2899479935,0.600120046251
G2145,2145,A,15.5034,16.1651,-7.7455420173,22.3978987758,0.806289703239
G2146,2146,I,18.745375,18.62925,-7.8909670173,26.4279783459,0.78229111881
G2147,2147,M,20.848875,14.096625,-8.0117170173,25.1672490582,0.594528032368
G2148,2148,A,17.5838,13.6241,-11.5449420173,22.2442379786,0.659191208862
G2149,2149,T,17.387,17.1106428571,-13.291056303,24.3942999077,0.777387435461
G2150,2150,Q,22.1947777778,16.7147222222,-12.7113420173,27.7847098162,0.645477416886
G2151,2151,L,21.523625,11.84,-13.6928420173,24.5652606976,0.502914771665
G2152,2152,F,18.1718181818,10.5807727273,-15.3577965628,21.027784656,0.527275294928
G2153,2153,G,16.8475,15.24325,-18.5035920173,22.7199235653,0.735448704306
G2154,2154,E,19.4432222222,16.0863888889,-21.5804531284,25.2351104192,0.691197912208
G2155,2155,R,19.0915454545,10.3289545455,-23.6002511082,21.706552233,0.495924534001
G2156,2156,F,14.5685454545,10.2111363636,-20.0806147446,17.7907229335,0.611331708419
G2157,2157,P,12.6551428571,15.3376428571,-21.1191991602,19.8845650983,0.880934698865
G2158,2158,E,7.79566666667,13.5661666667,-19.9893420173,15.6465106911,1.04923238076
G2159,2159,W,9.6065,10.3712142857,-17.4401991602,14.1367226757,0.823657851559
G2160,2160,F,13.5462727273,12.9686818182,-14.6197056537,18.7533520444,0.763618017642
G2161,2161,G,14.103,18.19225,-17.1825920173,23.0185266484,0.911348690999
G2162,2162,T,12.5441428571,20.1335,-14.7083420173,23.7215796749,1.0136017156
G2163,2163,L,13.44175,20.722375,-10.1219670173,24.7001511879,0.995364561794
G2164,2164,G,9.5955,19.6455,-11.2100920173,21.8636522681,1.11644549514
G2165,2165,E,9.36844444444,17.6728333333,-14.8656753506,20.0024195871,1.08335634571
G2166,2166,S,11.8941666667,15.6346666667,-11.0698420173,19.644694003,0.92044683518
G2167,2167,F,10.0531818182,17.6782272727,-6.72188747184,20.3368184379,1.05372776325
G2168,2168,Y,4.56166666667,14.3426666667,-10.988008684,15.0506109474,1.2628644194
G2169,2169,T,8.661,11.6262142857,-11.283056303,14.4976473822,0.930532202055
G2170,2170,L,10.78425,11.537625,-7.3560920173,15.7929363547,0.819135882087
G2171,2171,F,4.65227272727,11.9691363636,-5.18870565366,12.8414900545,1.20007860111
G2172,2172,Q,5.05533333333,8.41927777778,-9.92178646174,9.82041920747,1.03004793119
G2173,2173,V,8.48871428571,6.58007142857,-7.37805630301,10.7403729092,0.659407053245
G2174,2174,M,6.54875,7.943125,-2.7735920173,10.2946277897,0.881320587136
G2175,2175,T,3.11528571429,6.24178571429,-4.99977058872,6.9760227913,1.10786763481
G2176,2176,L,5.265625,2.356,-5.5434670173,5.76866905279,0.420714880339
G2177,2177,E,2.12866666667,4.6505,-10.5286753506,5.11452559166,1.14153394644
G2178,2178,S,4.383,2.80083333333,-12.7856753506,5.2014763636,0.568619054134
G2179,2179,W,9.15628571429,1.07607142857,-9.54091344587,9.21930028804,0.116986082724
G2180,2180,S,9.46083333333,-0.3955,-13.070008684,9.46909645167,-0.0417796022371
G2181,2181,M,7.083875,-1.70675,-16.1592170173,7.28658222887,-0.236428413389
G2182,2182,G,7.3145,3.21575,-16.4603420173,7.99017886611,0.4142055949
G2183,2183,I,9.84175,5.424375,-14.9290920173,11.2376103867,0.503733063399
G2184,2184,V,13.2654285714,2.36378571429,-13.8579134459,13.4743860004,0.176340578161
G2185,2185,R,12.2068181818,-2.45486363636,-16.2152511082,12.4512154265,-0.198458736509
G2186,2186,P,12.3557142857,2.64492857143,-19.235056303,12.6356370104,0.210882499949
G2187,2187,L,15.512125,5.24175,-17.1767170173,16.3738195018,0.325866651617
G2188,2188,M,17.408,0.5135,-16.8224670173,17.4155719473,0.0294893807905
G2189,2189,E,16.7407777778,0.4875,-21.999008684,16.7478743981,0.029112283543
G2190,2190,V,20.0784285714,4.77007142857,-21.4017705887,20.6372690861,0.233247907809
G2191,2191,Y,21.0359166667,6.37925,-18.2263420173,21.981915762,0.294440485841
G2192,2192,P,22.4217142857,0.686357142857,-16.887056303,22.4322169577,0.0306017136313
G2193,2193,Y,24.7866666667,0.8845,-13.317508684,24.8024431195,0.035669372667
G2194,2194,A,19.2532,3.6573,-12.3647420173,19.5974884495,0.187721441376
G2195,2195,W,20.3273571429,-0.720142857143,-9.6708420173,20.340109492,-0.0354124639506
G2196,2196,V,21.7787142857,2.47964285714,-7.89762773158,21.9194211748,0.113368064736
G2197,2197,F,18.5285454545,7.5355,-7.99825110821,20.0022687941,0.386266109377
G2198,2198,F,15.171,5.50159090909,-8.8893420173,16.1377428264,0.347889526106
G2199,2199,I,15.966125,0.662625,-5.2595920173,15.9798691924,0.0414781266794
G2200,2200,P,17.8318571429,3.33921428571,-2.84477058872,18.141815819,0.185117213309
G2201,2201,F,13.7509090909,7.55622727273,-3.47925110821,15.6902540267,0.502464990696
G2202,2202,I,11.978,3.02425,-3.0692170173,12.3538889449,0.247314912527
G2203,2203,F,14.5281818182,0.483863636364,0.430385255431,14.5362371665,0.0332928686662
G2204,2204,V,14.6551428571,6.12207142857,2.34822941128,15.8824736971,0.395707189379
G2205,2205,V,10.557,6.97478571429,0.944229411275,12.652979284,0.583845668225
G2206,2206,T,9.25642857143,3.25978571429,2.38122941128,9.81364727311,0.338601818344
G2207,2207,F,12.371,3.33459090909,7.30529434634,12.8125382938,0.263291448068
G2208,2208,V,10.0265714286,7.5335,6.52151512556,12.5413618424,0.644366815752
G2209,2209,M,6.17325,7.05825,5.1967829827,9.37698824917,0.85218452814
G2210,2210,I,6.94375,2.61725,7.8332829827,7.42062407248,0.360454376148
G2211,2211,N,8.7765,5.254375,10.8511579827,10.2291450713,0.539453377742
G2212,2212,L,4.861375,8.93,9.6937829827,10.167490688,1.0722728109
G2213,2213,V,2.55228571429,5.40935714286,10.4010865541,5.98124628036,1.12993930509
G2214,2214,V,4.541,4.19878571429,13.9740865541,6.18469744405,0.746262243485
G2215,2215,A,4.0404,7.7585,15.3294579827,8.74752275847,1.09067051374
G2216,2216,I,0.427625,8.93975,14.2420329827,8.94997168728,1.52299864821
G2217,2217,C,-0.203666666667,5.07833333333,16.332491316,5.08241572046,1.61087986704
G2218,2218,V,2.74957142857,5.32221428571,19.5093722684,5.99050147683,1.09393994658
G2219,2219,D,2.4985,9.45575,19.5557829827,9.7802714846,1.31246949874
G2220,2220,A,-2.0846,8.4899,20.3406579827,8.74207979659,1.8115718419
G2221,2221,M,-1.05775,4.923,23.0239079827,5.03535143386,1.78243754627
M1001,1001,M,-45.732,-29.017375,18.1735329827,54.1610919008,-2.57618446311
M1002,1002,Y,-42.90075,-24.0403333333,21.2134079827,49.1773522807,-2.63082199685
M1003,1003,L,-41.8065,-27.529,23.5997829827,50.0562611793,-2.55927490797
M1004,1004,R,-43.1149090909,-32.1905,18.2708398009,53.8063534926,-2.50025756308
M1005,1005,I,-40.623375,-27.49775,17.0247829827,49.0549166899,-2.54654244335
M1006,1006,T,-38.424,-25.9179285714,20.2518008398,46.3480614204,-2.54816973732
M1007,1007,N,-36.682,-29.748875,21.4132829827,47.2288543982,-2.46018402471
M1008,1008,I,-36.30725,-30.355,16.2840329827,47.3248605657,-2.44524799273
M1009,1009,V,-34.6622857143,-26.0109285714,16.1400865541,43.3363872062,-2.4978291457
M1010,1010,E,-32.8722222222,-25.2993888889,20.0558802049,41.4806228495,-2.48564739462
M1011,1011,S,-31.1211666667,-29.6865,17.8361579827,43.0094791522,-2.37978363001
M1012,1012,S,-27.6083333333,-30.9533333333,17.3368246494,41.4768479261,-2.29913721223
M1013,1013,F,-29.5751818182,-33.6604090909,13.0737488918,44.8075274898,-2.29168085071
M1014,1014,F,-31.857,-28.2171363636,12.8490216191,42.556729592,-2.416710039
M1015,1015,T,-27.1118571429,-27.1026428571,13.3982294113,38.3354411423,-2.35636444999
M1016,1016,K,-24.3373333333,-31.0337222222,13.4108802049,39.438530763,-2.2358423322
M1017,1017,F,-29.0062727273,-31.5302272727,8.02120343725,42.8429584576,-2.31452552035
M1018,1018,I,-28.326,-26.786875,8.1985329827,38.9858813965,-2.38411401106
M1019,1019,I,-23.527625,-26.777875,8.8927829827,35.6455288593,-2.29167393894
M1020,1020,Y,-23.9281666667,-32.3161666667,5.15899131604,40.2105929831,-2.20815059206
M1021,1021,L,-26.91125,-29.028875,3.3689079827,39.5839735288,-2.31835735025
M1022,1022,I,-24.1845,-24.855875,3.8321579827,34.6800311745,-2.34250509526
M1023,1023,V,-20.4754285714,-27.5943571429,2.7576579827,34.3611949925,-2.20916745679
M1024,1024,L,-22.962625,-30.336875,0.252657982704,38.0474457967,-2.21871233236
M1025,1025,N,-25.10375,-25.9245,-2.1067170173,36.0870886095,-2.34011164913
M1026,1026,G,-21.18,-25.2215,-2.1185920173,32.9350339646,-2.2693152629
M1027,1027,I,-18.973125,-28.369875,-2.9520920173,34.129595365,-2.16025863206
M1028,1028,T,-22.7768571429,-27.9869285714,-5.94519916015,36.083976945,-2.25391897226
M1029,1029,M,-22.502625,-23.379125,-6.0070920173,32.4492159791,-2.3370933574
M1030,1030,G,-18.5,-24.96075,-8.3330920173,31.0691010582,-2.20861812906
M1031,1031,L,-19.251125,-28.31475,-9.6278420173,34.2393177696,-2.16790282515
M1032,1032,E,-23.7242222222,-24.9846111111,-10.907008684,34.4538751438,-2.33032428122
M1033,1033,T,-18.7551428571,-23.2539285714,-12.7271991602,29.8747481596,-2.24951026891
M1034,1034,S,-18.2985,-26.706,-15.1596753506,32.3735314455,-2.17150869446
M1035,1035,K,-18.3301111111,-26.0227222222,-20.0102309062,31.830410698,-2.18446164915
M1036,1036,T,-18.1594285714,-30.1730714286,-18.4603420173,35.2161764744,-2.11256930652
M1037,1037,F,-20.7531818182,-31.0653181818,-13.3977056537,37.3597182714,-2.15975592242
M1038,1038,M,-23.573,-28.555625,-15.8907170173,37.0285031853,-2.26090071226
M1039,1039,Q,-22.3643333333,-31.1270555556,-20.675008684,38.3282792857,-2.19382113132
M1040,1040,S,-22.9691666667,-34.5196666667,-16.8853420173,41.4631161894,-2.15791708652
M1041,1041,F,-22.9793636364,-35.2001363636,-12.63606929,42.0368975205,-2.14915163034
M1042,1042,G,-26.725,-31.2365,-14.1830920173,41.1089352483,-2.27851496063
M1043,1043,V,-30.1837142857,-32.6360714286,-13.3619134459,44.4541310383,-2.31717632919
M1044,1044,Y,-27.7509166667,-36.0384166667,-11.0020920173,45.4849519257,-2.22699831446
M1045,1045,T,-26.9351428571,-30.0369285714,-9.32648487444,40.3449996746,-2.3018042186
M1046,1046,T,-30.6964285714,-28.5510714286,-10.8386277316,41.9217653106,-2.39238876399
M1047,1047,L,-33.05225,-31.5915,-8.9033420173,45.7217027495,-2.37878757067
M1048,1048,F,-28.7261818182,-30.7205,-4.12879656275,42.0587998177,-2.32265905231
M1049,1049,N,-30.22,-26.523125,-6.0414670173,40.2085135235,-2.42125360741
M1050,1050,Q,-35.8375555556,-26.6478333333,-5.43589757285,44.6591245946,-2.50221762633
M1051,1051,I,-33.79375,-30.42425,-2.4529670173,45.4714473832,-2.40861613117
M1052,1052,V,-31.3881428571,-27.1313571429,-0.360056303011,41.4888666082,-2.42880791793
M1053,1053,I,-34.608375,-23.707125,-1.4685920173,41.9495815939,-2.54099726908
M1054,1054,T,-37.0831428571,-26.7786428571,0.318657982704,45.7411761702,-2.51617189505
M1055,1055,I,-34.52875,-28.273,3.3902829827,44.6273134477,-2.45547805631
M1056,1056,F,-32.1058181818,-24.0427727273,3.8616579827,40.1103288635,-2.49882135008
M1057,1057,T,-37.9774285714,-22.4490714286,3.53422941128,44.1162769157,-2.60773100355
M1058,1058,I,-38.713375,-25.901375,6.2031579827,46.5790363874,-2.55193844828
M1059,1059,E,-34.0754444444,-23.9822777778,8.69199131604,41.6687600187,-2.52832129691
M1060,1060,I,-36.43825,-19.98975,8.0919079827,41.5612339582,-2.63983071306
M1061,1061,I,-40.689125,-21.70875,8.8037829827,46.1180519952,-2.65148449958
M1062,1062,L,-39.183625,-24.464375,12.0104079827,46.1937453805,-2.58345944481
M1063,1063,R,-34.6758181818,-20.3915,12.5727488918,40.2271753772,-2.60999800568
M1064,1064,I,-39.932375,-17.756125,12.5774079827,43.702111484,-2.72319262185
M1065,1065,Y,-43.7179166667,-20.8939166667,13.8634079827,48.4542257326,-2.69575990289
M1066,1066,V,-38.8892857143,-21.3440714286,18.0770865541,44.3615365888,-2.63963897485
M1067,1067,H,-37.007,-17.9171,17.8200579827,41.1161832058,-2.69070173282
M1068,1068,R,-43.0290909091,-14.6501363636,15.90493071,45.4546934863,-2.81343245559
M1069,1069,I,-40.464,-10.74,17.8825329827,41.8650557864,-2.88215348141
M1070,1070,S,-36.6998333333,-12.686,18.4046579827,38.8305596495,-2.80878125505
M1071,1071,F,-36.1936363636,-14.6291363636,12.9371125282,39.0383266031,-2.75747871052
M1072,1072,F,-38.3826363636,-11.2825909091,11.9724761645,40.0065448626,-2.85569515972
M1073,1073,K,-35.4826666667,-8.31094444444,17.0632135383,36.4429887816,-2.91151481033
M1074,1074,D,-31.249875,-12.117375,14.7746579827,33.5169429454,-2.77168445723
M1075,1075,P,-29.0384285714,-9.98892857143,12.986943697,30.7084520597,-2.81028196973
M1076,1076,W,-25.8914285714,-13.1734285714,12.7506579827,29.0500480859,-2.67093385077
M1077,1077,S,-31.9363333333,-14.3943333333,11.3663246494,35.0303613868,-2.71814041798
M1078,1078,L,-32.831375,-10.793375,9.4462829827,34.5600365781,-2.82397109323
M1079,1079,F,-27.9999090909,-12.9747727273,5.77020343725,30.8600005901,-2.70766265495
M1080,1080,D,-30.37175,-16.563375,7.1976579827,34.5946323792,-2.64232292695
M1081,1081,F,-36.0671818182,-14.0940454545,5.68174889179,38.7231677627,-2.7690666578
M1082,1082,F,-33.9677272727,-10.5689545455,3.48956707361,35.5739974737,-2.8399409367
M1083,1083,V,-30.2458571429,-15.1199285714,1.56237226842,33.8145547703,-2.67802439745
M1084,1084,V,-33.5915714286,-17.9653571429,1.49422941128,38.0939329593,-2.6504806184
M1085,1085,A,-35.6412,-15.0673,-0.402942017296,38.6952021151,-2.74162973072
M1086,1086,I,-32.912375,-13.819625,-3.0178420173,35.6960286766,-2.74405693511
M1087,1087,S,-33.1286666667,-18.371,-3.56967535063,37.8814228364,-2.63527446491
M1088,1088,L,-37.265,-18.2475,-2.9637170173,41.4927883041,-2.68624428009
M1089,1089,V,-36.8917142857,-15.2246428571,-6.78619916015,39.9097523554,-2.75019931635
M1090,1090,P,-38.5102857143,-16.9296428571,-9.69205630301,42.0672665272,-2.72740960568
M1091,1091,T,-35.2774285714,-19.0486428571,-12.5857705887,40.0917418094,-2.64648503711
M1092,1092,S,-37.0225,-16.6531666667,-14.5243420173,40.5954857869,-2.7188950368
M1093,1093,S,-38.244,-13.364,-14.171508684,40.5117270923,-2.80541641995
M1094,1094,G,-36.3045,-10.30425,-14.8470920173,37.7384987554,-2.86503736932
M1095,1095,F,-33.0112727273,-8.73659090909,-12.8484329264,34.1477985789,-2.88286952435
M1096,1096,E,-29.2613333333,-14.1971666667,-13.993008684,32.5236094216,-2.6898669493
M1097,1097,I,-29.163875,-9.93675,-10.6173420173,30.8102354028,-2.81320783564
M1098,1098,L,-31.975,-12.286,-8.2829670173,34.2541445813,-2.77474788778
M1099,1099,R,-30.3418181818,-16.7524090909,-12.5255238355,34.6593297819,-2.63712112799
M1100,1100,V,-26.0182857143,-14.5673571429,-9.18305630301,29.8187706929,-2.63118868492
M1101,1101,L,-27.582625,-12.55825,-5.5222170173,30.3069438405,-2.71434357419
M1102,1102,R,-30.1744545455,-18.0739545455,-6.44843292639,35.1733640704,-2.60192203324
M1103,1103,V,-24.0134285714,-17.4642142857,-4.12948487444,29.6924827586,-2.51279902014
M1104,1104,L,-25.15625,-14.41875,-1.2013420173,28.9954697431,-2.62113648475
M1105,1105,R,-27.3149090909,-20.2024090909,-0.837342017296,33.9741312136,-2.50477368392
M1106,1106,L,-22.491,-20.112875,0.412657982704,30.1723850858,-2.41195607708
M1107,1107,F,-21.9825454545,-15.2075909091,2.80993070998,26.730191281,-2.53638924208
M1108,1108,R,-27.1227272727,-20.0191363636,6.56611252816,33.7106534416,-2.50575469501
M1109,1109,L,-20.849875,-21.206125,6.7315329827,29.7391497026,-2.3477238444
M1110,1110,V,-20.9404285714,-16.9179285714,8.76994369699,26.9205842415,-2.46204865005
M1111,1111,T,-24.8477142857,-17.6553571429,10.3910865541,30.4814786562,-2.52382617031
M1112,1112,A,-24.3504,-21.4833,11.3574579827,32.472667877,-2.41866749695
M1113,1113,V,-20.5704285714,-21.3767857143,12.122943697,29.6666394977,-2.33697371822
M1114,1114,P,-19.8882857143,-20.6953571429,15.5523722684,28.7026430129,-2.3363104925
M1115,1115,Q,-15.8471111111,-19.8345,15.4493246494,25.3877592713,-2.2449070781
M1116,1116,M,-16.896,-17.52125,11.5436579827,24.3406864645,-2.33802972602
M1117,1117,R,-22.3151818182,-15.8892272727,14.7104761645,27.3940665638,-2.52283399863
M1118,1118,K,-15.9147777778,-14.0711666667,17.798991316,21.2433020756,-2.41759970483
M1119,1119,I,-14.36925,-12.602875,13.1316579827,19.1130270713,-2.42159001503
M1120,1120,V,-18.2547142857,-10.8279285714,11.3716579827,21.2244818736,-2.60621927513
M1121,1121,S,-19.0648333333,-9.34283333333,15.183991316,21.2310245801,-2.68593195499
M1122,1122,A,-15.3936,-7.9209,15.5006579827,17.3119489882,-2.66636659018
M1123,1123,L,-14.587125,-7.159125,11.7305329827,16.2492241824,-2.68534513038
M1124,1124,I,-19.065,-5.1565,12.1916579827,19.7500308164,-2.87744332155
M1125,1125,S,-17.4118333333,-3.447,16.0668246494,17.749753492,-2.9461509176
M1126,1126,V,-14.7494285714,-1.15607142857,14.2415151256,14.7946660771,-3.06337181587
M1127,1127,I,-18.077875,0.080125,11.2151579827,18.0780525647,3.1371604692
M1128,1128,P,-19.236,2.22807142857,14.4166579827,19.3646068458,3.02627830492
M1129,1129,G,-15.778,4.3695,14.8109079827,16.3718604395,2.87142722806
M1130,1130,M,-14.777125,4.28125,11.0504079827,15.3848147479,2.8595921971
M1131,1131,L,-19.325125,6.479625,10.8721579827,20.3824923993,2.81807730388
M1132,1132,S,-17.0143333333,10.5553333333,11.829991316,20.0225522987,2.58632328284
M1133,1133,V,-13.7941428571,9.65264285714,9.20080083985,16.8360295584,2.53102517998
M1134,1134,I,-16.759875,7.337375,6.6570329827,18.295641063,2.72893535705
M1135,1135,A,-18.3232,11.5119,6.5328579827,21.6393969382,2.58064599256
M1136,1136,L,-14.73,14.080125,6.5314079827,20.3770169558,2.37874783938
M1137,1137,M,-13.422875,11.018125,3.0560329827,17.3658472808,2.45426883089
M1138,1138,T,-18.1517142857,11.2833571429,1.60722941128,21.3728538086,2.58543202342
M1139,1139,L,-17.983125,16.1105,2.3176579827,24.144171036,2.41106531287
M1140,1140,F,-12.4629090909,15.5495909091,0.319476164522,19.9277163882,2.2464477875
M1141,1141,F,-14.2298181818,11.4074090909,-2.52252383548,18.2377824215,2.46584319988
M1142,1142,Y,-20.5119166667,16.0255833333,-3.39992535063,26.0299451885,2.47837003024
M1143,1143,I,-16.29725,18.97275,-2.5515920173,25.0113094444,2.28048182524
M1144,1144,F,-12.0404545455,17.5775,-4.36170565366,21.3058924223,2.17137892997
M1145,1145,A,-16.2488,15.6023,-7.7559420173,22.5267677826,2.37648927555
M1146,1146,I,-18.568125,18.89675,-7.9057170173,26.4926862847,2.34742316579
M1147,1147,M,-14.084625,20.979125,-8.0299670173,25.2685644063,2.16204374336
M1148,1148,A,-13.5226,17.7161,-11.5045420173,22.2872364812,2.22275170244
M1149,1149,T,-16.9898571429,17.4416428571,-13.2847705887,24.3488429148,2.34307395263
M1150,1150,Q,-16.5475555556,22.4741666667,-12.7894531284,27.9089548752,2.20546662269
M1151,1151,L,-11.878,21.582,-13.7762170173,24.6347236234,2.07392052751
M1152,1152,F,-10.5031818182,18.1756818182,-15.36606929,20.992194689,2.09478483612
M1153,1153,G,-15.22425,16.879,-18.5378420173,22.730561565,2.30469544077
M1154,1154,E,-16.0171111111,19.4881666667,-21.5506753506,25.2257108596,2.25874248509
M1155,1155,R,-10.2190909091,19.0691363636,-23.55706929,21.6347355117,2.0627473783
M1156,1156,F,-10.1526363636,14.6756818182,-20.0946147446,17.8452139791,2.17599769419
M1157,1157,P,-15.2471428571,12.6670714286,-21.1269134459,19.8224636179,2.44836121261
M1158,1158,E,-13.4911111111,7.79661111111,-20.0692309062,15.581951862,2.61757623261
M1159,1159,W,-10.4145,9.57935714286,-17.4349848744,14.1501199119,2.39794019535
M1160,1160,F,-13.0198181818,13.5772272727,-14.5972511082,18.8110809339,2.3352400009
M1161,1161,G,-18.17275,14.20125,-17.1903420173,23.0634850819,2.47826019764
M1162,1162,T,-20.1662857143,12.5212142857,-14.7799134459,23.737310014,2.58594825083
M1163,1163,L,-20.647625,13.47,-10.1358420173,24.6528967495,2.56354945708
M1164,1164,G,-19.64925,9.65025,-11.2310920173,21.8911020879,2.68506972293
M1165,1165,E,-17.7028888889,9.58516666667,-14.9583420173,20.1312616356,2.64534016325
M1166,1166,S,-15.6541666667,11.8988333333,-11.0588420173,19.6630406784,2.49165472036
M1167,1167,F,-17.6956363636,10.0975909091,-6.78052383548,20.3739266829,2.62305173348
M1168,1168,Y,-14.3358333333,4.56725,-11.0265920173,15.0457930972,2.83316945859
M1169,1169,T,-11.5955714286,8.69307142857,-11.2847705887,14.4923002873,2.49829066531
M1170,1170,L,-11.51675,10.776875,-7.3407170173,15.7726524506,2.38937005227
M1171,1171,F,-11.931,4.58695454545,-5.16888747184,12.7823672691,2.77455694164
M1172,1172,Q,-8.36177777778,5.00883333333,-9.95200868396,9.74719133731,2.60189746717
M1173,1173,V,-6.59842857143,8.42835714286,-7.40662773158,10.7040395991,2.23501339327
M1174,1174,M,-8.0455,6.57775,-2.7554670173,10.3921540266,2.45623044062
M1175,1175,T,-6.315,3.1135,-4.98105630301,7.04081722884,2.68353459479
M1176,1176,L,-2.427125,5.23875,-5.4913420173,5.77368490031,2.00465722927
M1177,1177,E,-4.71555555556,2.14672222222,-10.5108975729,5.18120454112,2.71438746183
M1178,1178,S,-2.9095,4.39933333333,-12.774008684,5.27440271763,2.15510926592
M1179,1179,W,-1.13714285714,9.14942857143,-9.5328420173,9.21982304934,1.69444791899
M1180,1180,S,0.392166666667,9.37416666667,-13.040008684,9.3823661935,1.52898587722
M1181,1181,M,1.658375,7.040375,-16.1555920173,7.23305521763,1.33946124043
M1182,1182,G,-3.2865,7.34175,-16.5463420173,8.04377867128,1.99169037141
M1183,1183,I,-5.408875,9.815125,-14.9635920173,11.2068107654,2.07446488897
M1184,1184,V,-2.35871428571,13.2673571429,-13.8327705887,13.4753960475,1.74674128706
M1185,1185,R,2.41645454545,12.2280454545,-16.2164329264,12.4645235853,1.37569434911
M1186,1186,P,-2.60685714286,12.4196428571,-19.2473420173,12.6902810395,1.77769074597
M1187,1187,L,-5.201,15.626125,-17.1719670173,16.4689460354,1.89210284747
M1188,1188,M,-0.517,17.43725,-16.8200920173,17.444912627,1.60043681404
M1189,1189,E,-0.542,16.7366111111,-22.0044531284,16.7453849011,1.60316910794
M1190,1190,V,-4.806,20.1149285714,-21.4606277316,20.6811021813,1.80532652118
M1191,1191,Y,-6.37708333333,21.05775,-18.254758684,22.0021823214,1.86485459808
M1192,1192,P,-0.685714285714,22.4560714286,-16.9387705887,22.4665384091,1.60132264922
M1193,1193,Y,-0.879416666667,24.7830833333,-13.3356753506,24.7986812791,1.60626599885
M1194,1194,A,-3.5712,19.2277,-12.4397420173,19.5565313062,1.75443581801
M1195,1195,W,0.765357142857,20.4250714286,-9.72791344587,20.4394059214,1.53334239515
M1196,1196,V,-2.49714285714,21.7797857143,-7.93091344587,21.9224722194,1.68495200611
M1197,1197,F,-7.57063636364,18.4752272727,-8.00879656275,19.9661853575,1.95969860992
M1198,1198,F,-5.45118181818,15.2344090909,-8.89188747184,16.180315311,1.91442100473
M1199,1199,I,-0.655875,16.009375,-5.2337170173,16.0228043708,1.61174161233
M1200,1200,P,-3.33585714286,17.9457857143,-2.84577058873,18.2531960977,1.75458392727
M1201,1201,F,-7.50190909091,13.7985,-3.52579656275,15.7059619972,2.06877106294
M1202,1202,I,-3.03625,12.018375,-3.0413420173,12.3959732052,1.81825249648
M1203,1203,F,-0.485363636364,14.6572272727,0.444839800885,14.6652613064,1.60389851826
M1204,1204,V,-6.13428571429,14.6693571429,2.31351512556,15.9002987459,1.96686774624
M1205,1205,V,-7.02542857143,10.6359285714,0.943943696989,12.7467495146,2.15454357736
M1206,1206,T,-3.19442857143,9.30021428571,2.33108655413,9.83353240998,1.90165004759
M1207,1207,F,-3.37627272727,12.4124090909,7.28947616452,12.8634022315,1.83637863848
M1208,1208,V,-7.50085714286,10.1275,6.5016579827,12.6027423257,2.20828170179
M1209,1209,M,-7.19475,6.163875,5.1815329827,9.47405840061,2.43321109647
M1210,1210,I,-2.671625,7.0025,7.8234079827,7.49483731582,1.93527476226
M1211,1211,N,-5.23525,8.86875,10.8372829827,10.298668318,2.10405519041
M1212,1212,L,-8.9005,4.908375,9.7250329827,10.1642041199,2.63762014314
M1213,1213,V,-5.357,2.55864285714,10.514943697,5.93667434431,2.69600386144
M1214,1214,V,-4.24628571429,4.69692857143,14.062943697,6.33183072835,2.30584771156
M1215,1215,A,-7.9372,3.9691,15.3196579827,8.87428299357,2.67789465025
M1216,1216,I,-8.793,0.4585,13.9274079827,8.80494584027,3.08949608504
M1217,1217,C,-4.85216666667,-0.0628333333333,16.0808246494,4.85257348104,-3.12864383591
M1218,1218,V,-5.34157142857,2.88921428571,19.245943697,6.07288601205,2.64576888184
M1219,1219,D,-9.375375,2.263375,19.6540329827,9.64471475894,2.90470826891
M1220,1220,A,-7.9666,-2.1381,20.4306579827,8.24852636354,-2.87938856265
M1221,1221,M,-4.539625,-0.62225,22.9515329827,4.58207269728,-3.00537075806
S2001,2001,M,28.925125,-45.8705,18.0580329827,54.2288265272,-1.00819284688
S2002,2002,Y,24.1315833333,-42.8598333333,21.1591579827,49.186366277,-1.05800060176
S2003,2003,L,27.538875,-41.71775,23.4866579827,49.987601476,-0.987337166747
S2004,2004,R,32.1271818182,-42.9857727273,18.0314761645,53.6650022691,-0.928967037993
S2005,2005,I,27.472125,-40.544625,16.9160329827,48.9753434741,-0.975278069695
S2006,2006,T,25.9612857143,-38.3986428571,20.2426579827,46.3513120549,-0.976292012677
S2007,2007,N,29.832125,-36.633,21.2881579827,47.2433314978,-0.88736574715
S2008,2008,I,30.480375,-36.1655,16.3029079827,47.2968989511,-0.87049563231
S2009,2009,V,26.1124285714,-34.6997857143,16.0826579827,43.4273422456,-0.925681684791
S2010,2010,E,25.2227777778,-32.8111666667,20.0633246494,41.385518927,-0.915418267053
S2011,2011,S,29.5556666667,-31.0658333333,17.9461579827,42.8791724828,-0.810304415979
S2012,2012,S,30.7123333333,-27.3508333333,17.3941579827,41.1256064126,-0.727568869021
S2013,2013,F,33.573,-29.6262272727,13.2405670736,44.7756593633,-0.723029458723
S2014,2014,F,28.2891818182,-31.7354090909,12.82493071,42.5136918899,-0.842748793683
S2015,2015,T,27.0684285714,-27.0840714286,13.3595151256,38.2916015658,-0.785687030148
S2016,2016,K,31.0378888889,-24.3561666667,13.4095468716,39.4534333281,-0.665356460034
S2017,2017,F,31.4829090909,-29.0403181818,8.0236579827,42.8312227811,-0.745062143964
S2018,2018,I,26.83125,-28.156375,8.1574079827,38.8934111348,-0.809492103997
S2019,2019,I,26.66025,-23.401375,8.9757829827,35.4738394025,-0.720392615923
S2020,2020,Y,32.1805,-23.852,5.19507464937,40.0562415143,-0.637841536111
S2021,2021,L,29.011125,-26.862875,3.3521579827,39.5380756617,-0.746968976615
S2022,2022,I,24.93425,-24.05,3.7762829827,34.6427383886,-0.767348403114
S2023,2023,V,27.5452857143,-20.2777857143,2.8026579827,34.2042593628,-0.634585643216
S2024,2024,L,30.43125,-23.071875,0.211907982704,38.1886421934,-0.648705559274
S2025,2025,N,26.016375,-24.886,-2.1270920173,36.0022883181,-0.763195088503
S2026,2026,G,25.15375,-20.999,-2.1393420173,32.7668909124,-0.695618442429
S2027,2027,I,28.285625,-18.87,-3.0547170173,34.002257008,-0.588318680109
S2028,2028,T,27.7528571429,-22.6733571429,-5.99077058872,35.8371623279,-0.685005467123
S2029,2029,M,23.22075,-22.419375,-6.0927170173,32.2774163457,-0.767841404739
S2030,2030,G,24.86,-18.35675,-8.2723420173,30.9029103898,-0.636038959202
S2031,2031,L,28.2405,-19.055375,-9.5403420173,34.0680665234,-0.593580274682
S2032,2032,E,25.0644444444,-23.6339444444,-10.9826753506,34.4498143001,-0.756031919478
S2033,2033,T,23.1215714286,-18.7105,-12.6614848744,29.7437367453,-0.680339282715
S2034,2034,S,26.5265,-18.2448333333,-15.1501753506,32.1951727067,-0.602488641729
S2035,2035,K,25.9112222222,-18.3506111111,-20.027008684,31.7511632102,-0.616215433125
S2036,2036,T,30.0511428571,-18.0643571429,-18.4914848744,35.0626893721,-0.541242968623
S2037,2037,F,31.0178181818,-20.6537727273,-13.40506929,37.265042233,-0.587449480437
S2038,2038,M,28.55475,-23.431,-15.9489670173,36.9375893713,-0.68715479894
S2039,2039,Q,31.1333333333,-22.2092777778,-20.7462309062,38.2431230923,-0.619636310813
S2040,2040,S,34.4895,-22.6981666667,-16.995508684,41.2884049132,-0.582061041851
S2041,2041,F,35.233,-22.7858636364,-12.7611601991,41.9590260928,-0.574065521251
S2042,2042,G,31.3155,-26.59525,-14.3008420173,41.084886063,-0.704068908886
S2043,2043,V,32.6661428571,-30.0516428571,-13.3464848744,44.3866886305,-0.743735546192
S2044,2044,Y,36.1379166667,-27.6354166667,-10.9598420173,45.4935740006,-0.652856046281
S2045,2045,T,30.052,-26.8669285714,-9.3603420173,40.31072506,-0.729498425521
S2046,2046,T,28.5147142857,-30.5857857143,-10.858056303,41.8160162923,-0.820427042605
S2047,2047,L,31.57325,-32.86475,-8.7978420173,45.5736975472,-0.805438001826
S2048,2048,F,30.743,-28.4672272727,-4.12406929002,41.8988672591,-0.746981606508
S2049,2049,N,26.612625,-30.101,-5.9097170173,40.1783773987,-0.846829358494
S2050,2050,Q,26.6581111111,-35.7473888889,-5.50711979507,44.5929445135,-0.93002983438
S2051,2051,I,30.362,-33.763875,-2.4713420173,45.4076017756,-0.838398439513
S2052,2052,V,27.1455714286,-31.3145,-0.362484874439,41.4424897712,-0.856590055267
S2053,2053,I,23.77,-34.516,-1.4828420173,41.9090343005,-0.967717559634
S2054,2054,T,26.6518571429,-37.1227857143,0.318657982704,45.6992637616,-0.948132635185
S2055,2055,I,28.291625,-34.44325,3.3317829827,44.5730133119,-0.883143180884
S2056,2056,F,24.0029090909,-32.0634090909,3.92129434634,40.0524886537,-0.928187002451
S2057,2057,T,22.5422857143,-37.9663571429,3.60494369699,44.1542627605,-1.03498973996
S2058,2058,I,25.952,-38.8655,6.1720329827,46.7336430663,-0.982051885822
S2059,2059,E,23.978,-34.2187222222,8.62943576048,41.7835545941,-0.959582267878
S2060,2060,I,20.0265,-36.4065,8.1286579827,41.5511004006,-1.06789143443
S2061,2061,I,21.849125,-40.7295,8.7291579827,46.2198705485,-1.07841977513
S2062,2062,L,24.564875,-39.15675,11.9787829827,46.2242810039,-1.01051096292
S2063,2063,R,20.3251818182,-34.6794090909,12.6410216191,40.1966967652,-1.04066912645
S2064,2064,I,17.837625,-40.002625,12.6069079827,43.7994391806,-1.15134771253
S2065,2065,Y,21.1538333333,-43.6626666667,13.865741316,48.5171425904,-1.1196389459
S2066,2066,V,21.4522857143,-38.8526428571,18.0435151256,44.3816225408,-1.06630790828
S2067,2067,H,18.0394,-36.9315,17.7974579827,41.101771794,-1.11642677291
S2068,2068,R,14.7229090909,-43.0204090909,16.0831125282,45.4699862596,-1.24105953833
S2069,2069,I,10.934,-40.347125,17.9014079827,41.8024263861,-1.30615431023
S2070,2070,S,12.7766666667,-36.7445,18.498991316,38.9024612507,-1.23615730755
S2071,2071,F,14.6095454545,-36.1778636364,12.9868398009,39.0163636911,-1.18699642373
S2072,2072,F,11.3915454545,-38.4308636364,12.0494761645,40.0836448902,-1.28263030039
S2073,2073,K,8.30611111111,-35.5173888889,16.9962135383,36.4756959533,-1.34106459034
S2074,2074,D,12.1605,-31.196625,14.8014079827,33.4829385156,-1.19911231427
S2075,2075,P,9.97042857143,-28.9912142857,12.9988008398,30.6577877815,-1.23955531268
S2076,2076,W,13.1992142857,-25.7694285714,12.7665865541,28.9531122102,-1.09743294786
S2077,2077,S,14.4868333333,-31.8458333333,11.3101579827,34.9860749545,-1.14387077696
S2078,2078,L,10.87325,-32.786875,9.5282829827,34.5428246938,-1.25057574531
S2079,2079,F,13.0057272727,-28.0005,5.79393070998,30.873563807,-1.13596467476
S2080,2080,D,16.581625,-30.31425,7.2572829827,34.5529165296,-1.07026614536
S2081,2081,F,14.1719090909,-36.0298636364,5.7056579827,38.7168449249,-1.19604634331
S2082,2082,F,10.5900909091,-33.7115,3.54974889179,35.3357504196,-1.26641913616
S2083,2083,V,15.2001428571,-30.1692142857,1.59537226842,33.7820341823,-1.10408974139
S2084,2084,V,17.9187142857,-33.6480714286,1.5246579827,38.1218183265,-1.08146216872
S2085,2085,A,15.0824,-35.7267,-0.523542017296,38.7798386104,-1.17133325413
S2086,2086,I,13.9265,-32.844375,-3.0387170173,35.6749263684,-1.16976047678
S2087,2087,S,18.518,-33.3301666667,-3.57800868396,38.128943521,-1.06366937675
S2088,2088,L,18.39975,-37.40425,-2.8614670173,41.6848739728,-1.11363678633
S2089,2089,V,15.4881428571,-37.0676428571,-6.76448487444,40.1732836117,-1.17501047773
S2090,2090,P,16.9082857143,-38.3999285714,-9.79791344587,41.9576529383,-1.15602075114
S2091,2091,T,19.0887142857,-35.2179285714,-12.5227705887,40.0584760811,-1.0741027888
S2092,2092,S,16.81,-37.0528333333,-14.464008684,40.6876954131,-1.14488922454
S2093,2093,S,13.4866666667,-38.1735,-14.077008684,40.4858775381,-1.23118539061
S2094,2094,G,10.57125,-36.103,-14.7613420173,37.6188508007,-1.28595061695
S2095,2095,F,8.52790909091,-32.7869545455,-12.9309783809,33.8778633008,-1.3163339679
S2096,2096,E,14.1982222222,-29.1627222222,-14.0967864617,32.4353800915,-1.1177142242
S2097,2097,I,10.060875,-28.997625,-10.5827170173,30.6933781361,-1.23683664993
S2098,2098,L,12.30675,-31.969625,-8.3429670173,34.2565762767,-1.2033298633
S2099,2099,R,16.8847272727,-30.2195,-12.2727965628,34.6166462172,-1.06127064549
S2100,2100,V,14.5952857143,-26.0156428571,-9.28562773158,29.8301196503,-1.05953214987
S2101,2101,L,12.5255,-27.47175,-5.5978420173,30.1924692318,-1.14301277433
S2102,2102,R,17.964,-30.1845909091,-6.44425110821,35.1257003396,-1.03395942424
S2103,2103,V,17.4235714286,-23.9715,-4.18705630301,29.6346697902,-0.942279676335
S2104,2104,L,14.433625,-25.193375,-1.1764670173,29.0350766235,-1.05053151039
S2105,2105,R,20.2394545455,-27.3647727273,-0.882978380933,34.036249892,-0.933973441668
S2106,2106,L,20.022875,-22.359,0.334532982704,30.0140034695,-0.840463290834
S2107,2107,F,15.2405454545,-21.8891363636,2.85456707361,26.6722424347,-0.962584369373
S2108,2108,R,20.054,-26.8902272727,6.51320343725,33.5447050781,-0.930006121997
S2109,2109,L,21.20275,-20.673125,6.7524079827,29.6130833388,-0.772751340776
S2110,2110,V,16.8688571429,-20.8482142857,8.76237226842,26.818023421,-0.890514747326
S2111,2111,T,17.5097142857,-24.7136428571,10.3980865541,30.2878562734,-0.954385766667
S2112,2112,A,21.3154,-24.2031,11.4494579827,32.2511445808,-0.848753399903
S2113,2113,V,21.375,-20.4223571429,12.1710865541,29.5628702306,-0.76261016874
S2114,2114,P,20.5318571429,-19.8159285714,15.5793722684,28.5346838581,-0.767656088166
S2115,2115,Q,19.8118888889,-15.7393888889,15.514991316,25.3029504987,-0.671342477918
S2116,2116,M,17.46825,-16.82,11.5891579827,24.2497867632,-0.766494522025
S2117,2117,R,15.762,-22.3704090909,14.7570216191,27.3655960449,-0.9569954642
S2118,2118,K,14.6037777778,-16.3133888889,17.7262135383,21.8951360449,-0.840638406628
S2119,2119,I,12.88175,-14.31325,13.3821579827,19.2563913708,-0.837987979985
S2120,2120,V,10.9487142857,-18.0582142857,11.390943697,21.1180834286,-1.02575657808
S2121,2121,S,9.576,-18.9255,15.1236579827,21.2102410701,-1.10237299346
S2122,2122,A,7.9118,-15.3483,15.5206579827,17.2675097258,-1.09483854719
S2123,2123,L,7.15925,-14.56425,11.7279079827,16.2287472907,-1.11392087212
S2124,2124,I,5.217,-19.101125,12.1695329827,19.8007592093,-1.30417386771
S2125,2125,S,3.4355,-17.364,16.0088246494,17.7005976241,-1.37546712007
S2126,2126,V,1.23485714286,-14.6799285714,14.1333722684,14.7317743339,-1.48687515243
S2127,2127,I,-0.077625,-17.768875,11.2512829827,17.7690445552,-1.57516489296
S2128,2128,P,-2.15771428571,-19.1112142857,14.5003722684,19.2326348276,-1.68322327905
S2129,2129,G,-4.31,-15.62775,14.7736579827,16.211189656,-1.83989820342
S2130,2130,M,-4.266,-14.7505,11.0069079827,15.3549993894,-1.85232537374
S2131,2131,L,-6.415375,-19.285375,10.8546579827,20.3244366535,-1.89193619068
S2132,2132,S,-10.402,-17.0166666667,11.847991316,19.9441356906,-2.11947091088
S2133,2133,V,-9.57885714286,-13.7816428571,9.19208655413,16.7835688697,-2.17818880517
S2134,2134,I,-7.276875,-16.72225,6.6727829827,18.2369557445,-1.9812420565
S2135,2135,A,-11.3816,-18.3313,6.5984579827,21.5772421373,-2.12642991717
S2136,2136,L,-14.028875,-14.7785,6.5662829827,20.3767857135,-2.33017837913
S2137,2137,M,-10.906,-13.547625,3.0730329827,17.3919228132,-2.24858587238
S2138,2138,T,-11.1464285714,-18.2066428571,1.61751512556,21.3477098075,-2.12015101104
S2139,2139,L,-16.0605,-18.0435,2.2856579827,24.1559009871,-2.29811421413
S2140,2140,F,-15.484,-12.4959545455,0.335476164522,19.8973147938,-2.46258363343
S2141,2141,F,-11.4363636364,-14.2030454545,-2.46816019911,18.2350462957,-2.24870301902
S2142,2142,Y,-15.915,-20.5525833333,-3.38050868396,25.9941513936,-2.22970343347
S2143,2143,I,-18.818125,-16.4215,-2.5024670173,24.9757380425,-2.42409930483
S2144,2144,F,-17.5699090909,-12.0233181818,-4.32561474457,21.2899479935,-2.54147260734
S2145,2145,A,-15.5034,-16.1651,-7.7455420173,22.3978987758,-2.33530295035
S2146,2146,I,-18.745375,-18.62925,-7.8909670173,26.4279783459,-2.35930153478
S2147,2147,M,-20.848875,-14.096625,-8.0117170173,25.1672490582,-2.54706462122
S2148,2148,A,-17.5838,-13.6241,-11.5449420173,22.2442379786,-2.48240144473
S2149,2149,T,-17.387,-17.1106428571,-13.291056303,24.3942999077,-2.36420521813
S2150,2150,Q,-22.1947777778,-16.7147222222,-12.7113420173,27.7847098162,-2.4961152367
S2151,2151,L,-21.523625,-11.84,-13.6928420173,24.5652606976,-2.63867788192
S2152,2152,F,-18.1718181818,-10.5807727273,-15.3577965628,21.027784656,-2.61431735866
S2153,2153,G,-16.8475,-15.24325,-18.5035920173,22.7199235653,-2.40614394928
S2154,2154,E,-19.4432222222,-16.0863888889,-21.5804531284,25.2351104192,-2.45039474138
S2155,2155,R,-19.0915454545,-10.3289545455,-23.6002511082,21.706552233,-2.64566811959
S2156,2156,F,-14.5685454545,-10.2111363636,-20.0806147446,17.7907229335,-2.53026094517
S2157,2157,P,-12.6551428571,-15.3376428571,-21.1191991602,19.8845650983,-2.26065795473
S2158,2158,E,-7.79566666667,-13.5661666667,-19.9893420173,15.6465106911,-2.09236027283
S2159,2159,W,-9.6065,-10.3712142857,-17.4401991602,14.1367226757,-2.31793480203
S2160,2160,F,-13.5462727273,-12.9686818182,-14.6197056537,18.7533520444,-2.37797463595
S2161,2161,G,-14.103,-18.19225,-17.1825920173,23.0185266484,-2.23024396259
S2162,2162,T,-12.5441428571,-20.1335,-14.7083420173,23.7215796749,-2.12799093799
S2163,2163,L,-13.44175,-20.722375,-10.1219670173,24.7001511879,-2.1462280918
S2164,2164,G,-9.5955,-19.6455,-11.2100920173,21.8636522681,-2.02514715845
S2165,2165,E,-9.36844444444,-17.6728333333,-14.8656753506,20.0024195871,-2.05823630788
S2166,2166,S,-11.8941666667,-15.6346666667,-11.0698420173,19.644694003,-2.22114581841
S2167,2167,F,-10.0531818182,-17.6782272727,-6.72188747184,20.3368184379,-2.08786489034
S2168,2168,Y,-4.56166666667,-14.3426666667,-10.988008684,15.0506109474,-1.87872823419
S2169,2169,T,-8.661,-11.6262142857,-11.283056303,14.4976473822,-2.21106045154
S2170,2170,L,-10.78425,-11.537625,-7.3560920173,15.7929363547,-2.3224567715
S2171,2171,F,-4.65227272727,-11.9691363636,-5.18870565366,12.8414900545,-1.94151405248
S2172,2172,Q,-5.05533333333,-8.41927777778,-9.92178646174,9.82041920747,-2.1115447224
S2173,2173,V,-8.48871428571,-6.58007142857,-7.37805630301,10.7403729092,-2.48218560034
S2174,2174,M,-6.54875,-7.943125,-2.7735920173,10.2946277897,-2.26027206645
S2175,2175,T,-3.11528571429,-6.24178571429,-4.99977058872,6.9760227913,-2.03372501878
S2176,2176,L,-5.265625,-2.356,-5.5434670173,5.76866905279,-2.72087777325
S2177,2177,E,-2.12866666667,-4.6505,-10.5286753506,5.11452559166,-2.00005870715
S2178,2178,S,-4.383,-2.80083333333,-12.7856753506,5.2014763636,-2.57297359946
S2179,2179,W,-9.15628571429,-1.07607142857,-9.54091344587,9.21930028804,-3.02460657087
S2180,2180,S,-9.46083333333,0.3955,-13.070008684,9.46909645167,3.09981305135
S2181,2181,M,-7.083875,1.70675,-16.1592170173,7.28658222887,2.9051642402
S2182,2182,G,-7.3145,-3.21575,-16.4603420173,7.99017886611,-2.72738705869
S2183,2183,I,-9.84175,-5.424375,-14.9290920173,11.2376103867,-2.63785959019
S2184,2184,V,-13.2654285714,-2.36378571429,-13.8579134459,13.4743860004,-2.96525207543
S2185,2185,R,-12.2068181818,2.45486363636,-16.2152511082,12.4512154265,2.94313391708
S2186,2186,P,-12.3557142857,-2.64492857143,-19.235056303,12.6356370104,-2.93071015364
S2187,2187,L,-15.512125,-5.24175,-17.1767170173,16.3738195018,-2.81572600197
S2188,2188,M,-17.408,-0.5135,-16.8224670173,17.4155719473,-3.1121032728
S2189,2189,E,-16.7407777778,-0.4875,-21.999008684,16.7478743981,-3.11248037005
S2190,2190,V,-20.0784285714,-4.77007142857,-21.4017705887,20.6372690861,-2.90834474578
S2191,2191,Y,-21.0359166667,-6.37925,-18.2263420173,21.981915762,-2.84715216775
S2192,2192,P,-22.4217142857,-0.686357142857,-16.887056303,22.4322169577,-3.11099093996
S2193,2193,Y,-24.7866666667,-0.8845,-13.317508684,24.8024431195,-3.10592328092
S2194,2194,A,-19.2532,-3.6573,-12.3647420173,19.5974884495,-2.95387121221
S2195,2195,W,-20.3273571429,0.720142857143,-9.6708420173,20.340109492,3.10618018964
S2196,2196,V,-21.7787142857,-2.47964285714,-7.89762773158,21.9194211748,-3.02822458885
S2197,2197,F,-18.5285454545,-7.5355,-7.99825110821,20.0022687941,-2.75532654421
S2198,2198,F,-15.171,-5.50159090909,-8.8893420173,16.1377428264,-2.79370312748
S2199,2199,I,-15.966125,-0.662625,-5.2595920173,15.9798691924,-3.10011452691
S2200,2200,P,-17.8318571429,-3.33921428571,-2.84477058872,18.141815819,-2.95647544028
S2201,2201,F,-13.7509090909,-7.55622727273,-3.47925110821,15.6902540267,-2.63912766289
S2202,2202,I,-11.978,-3.02425,-3.0692170173,12.3538889449,-2.89427774106
S2203,2203,F,-14.5281818182,-0.483863636364,0.430385255431,14.5362371665,-3.10829978492
S2204,2204,V,-14.6551428571,-6.12207142857,2.34822941128,15.8824736971,-2.74588546421
S2205,2205,V,-10.557,-6.97478571429,0.944229411275,12.652979284,-2.55774698536
S2206,2206,T,-9.25642857143,-3.25978571429,2.38122941128,9.81364727311,-2.80299083525
S2207,2207,F,-12.371,-3.33459090909,7.30529434634,12.8125382938,-2.87830120552
S2208,2208,V,-10.0265714286,-7.5335,6.52151512556,12.5413618424,-2.49722583784
S2209,2209,M,-6.17325,-7.05825,5.1967829827,9.37698824917,-2.28940812545
S2210,2210,I,-6.94375,-2.61725,7.8332829827,7.42062407248,-2.78113827744
S2211,2211,N,-8.7765,-5.254375,10.8511579827,10.2291450713,-2.60213927585
S2212,2212,L,-4.861375,-8.93,9.6937829827,10.167490688,-2.06931984269
S2213,2213,V,-2.55228571429,-5.40935714286,10.4010865541,5.98124628036,-2.0116533485
S2214,2214,V,-4.541,-4.19878571429,13.9740865541,6.18469744405,-2.3953304101
S2215,2215,A,-4.0404,-7.7585,15.3294579827,8.74752275847,-2.05092213985
S2216,2216,I,-0.427625,-8.93975,14.2420329827,8.94997168728,-1.61859400538
S2217,2217,C,0.203666666667,-5.07833333333,16.332491316,5.08241572046,-1.53071278655
S2218,2218,V,-2.74957142857,-5.32221428571,19.5093722684,5.99050147683,-2.04765270701
S2219,2219,D,-2.4985,-9.45575,19.5557829827,9.7802714846,-1.82912315485
S2220,2220,A,2.0846,-8.4899,20.3406579827,8.74207979659,-1.33002081169
S2221,2221,M,1.05775,-4.923,23.0239079827,5.03535143386,-1.35915510732
