idx, acid
0, M
1, A
2, M
3, L
4, P
5, P
6, P
7, G
8, P
9, Q
10, S
11, F
12, V
13, H
14, F
15, T
16, K
17, Q
18, S
19, L
20, A
21, L
22, I
23, E
24, Q
25, R
26, I
27, A
28, E
29, R
30, K
31, S
32, K
33, E
34, P
35, K
36, E
37, E
38, K
39, K
40, D
41, D
42, D
43, E
44, E
45, A
46, P
47, K
48, P
49, S
50, S
51, D
52, L
53, E
54, A
55, G
56, K
57, Q
58, L
59, P
60, F
61, I
62, Y
63, G
64, D
65, I
66, P
67, P
68, G
69, M
70, V
71, S
72, E
73, P
74, L
75, E
76, D
77, L
78, D
79, P
80, Y
81, Y
82, A
83, D
84, K
85, K
86, T
87, F
88, I
89, V
90, L
91, N
92, K
93, G
94, K
95, T
96, I
97, F
98, R
99, F
100, N
101, A
102, T
103, P
104, A
105, L
106, Y
107, M
108, L
109, S
110, P
111, F
112, S
113, P
114, L
115, R
116, R
117, I
118, S
119, I
120, K
121, I
122, L
123, V
124, H
125, S
126, L
127, F
128, S
129, M
130, L
131, I
132, M
133, C
134, T
135, I
136, L
137, T
138, N
139, C
140, I
141, F
142, M
143, T
144, M
145, N
146, N
147, P
148, P
149, D
150, W
151, T
152, K
153, N
154, V
155, E
156, Y
157, T
158, F
159, T
160, G
161, I
162, Y
163, T
164, F
165, E
166, S
167, L
168, V
169, K
170, I
171, L
172, A
173, R
174, G
175, F
176, C
177, V
178, G
179, E
180, F
181, T
182, F
183, L
184, R
185, D
186, P
187, W
188, N
189, W
190, L
191, D
192, F
193, V
194, V
195, I
196, V
197, F
198, A
199, Y
200, L
201, T
202, E
203, F
204, V
205, N
206, L
207, G
208, N
209, V
210, S
211, A
212, L
213, R
214, T
215, F
216, R
217, V
218, L
219, R
220, A
221, L
222, K
223, T
224, I
225, S
226, V
227, I
228, P
229, G
230, L
231, K
232, T
233, I
234, V
235, G
236, A
237, L
238, I
239, Q
240, S
241, V
242, K
243, K
244, L
245, S
246, D
247, V
248, M
249, I
250, L
251, T
252, V
253, F
254, C
255, L
256, S
257, V
258, F
259, A
260, L
261, I
262, G
263, L
264, Q
265, L
266, F
267, M
268, G
269, N
270, L
271, K
272, H
273, K
274, C
275, F
276, R
277, N
278, S
279, L
280, E
281, N
282, N
283, E
284, T
285, L
286, E
287, S
288, I
289, M
290, N
291, T
292, L
293, E
294, S
295, E
296, E
297, D
298, F
299, R
300, K
301, Y
302, F
303, Y
304, Y
305, L
306, E
307, G
308, S
309, K
310, D
311, A
312, L
313, L
314, C
315, G
316, F
317, S
318, T
319, D
320, S
321, G
322, Q
323, C
324, P
325, E
326, G
327, Y
328, T
329, C
330, V
331, K
332, I
333, G
334, R
335, N
336, P
337, D
338, Y
339, G
340, Y
341, T
342, S
343, F
344, D
345, T
346, F
347, S
348, W
349, A
350, F
351, L
352, A
353, L
354, F
355, R
356, L
357, M
358, T
359, Q
360, D
361, Y
362, W
363, E
364, N
365, L
366, Y
367, Q
368, Q
369, T
370, L
371, R
372, A
373, A
374, G
375, K
376, T
377, Y
378, M
379, I
380, F
381, F
382, V
383, V
384, V
385, I
386, F
387, L
388, G
389, S
390, F
391, Y
392, L
393, I
394, N
395, L
396, I
397, L
398, A
399, V
400, V
401, A
402, M
403, A
404, Y
405, E
406, E
407, Q
408, N
409, Q
410, A
411, N
412, I
413, E
414, E
415, A
416, K
417, Q
418, K
419, E
420, L
421, E
422, F
423, Q
424, Q
425, M
426, L
427, D
428, R
429, L
430, K
431, K
432, E
433, Q
434, E
435, E
436, A
437, E
438, A
439, I
440, A
441, A
442, A
443, A
444, A
445, E
446, Y
447, T
448, S
449, I
450, R
451, R
452, S
453, R
454, I
455, M
456, G
457, L
458, S
459, E
460, S
461, S
462, S
463, E
464, T
465, S
466, K
467, L
468, S
469, S
470, K
471, S
472, A
473, K
474, E
475, R
476, R
477, N
478, R
479, R
480, K
481, K
482, K
483, N
484, Q
485, K
486, K
487, L
488, S
489, S
490, G
491, E
492, E
493, K
494, G
495, D
496, A
497, E
498, K
499, L
500, S
501, K
502, S
503, E
504, S
505, E
506, D
507, S
508, I
509, R
510, R
511, K
512, S
513, F
514, H
515, L
516, G
517, V
518, E
519, G
520, H
521, R
522, R
523, A
524, H
525, E
526, K
527, R
528, L
529, S
530, T
531, P
532, N
533, Q
534, S
535, P
536, L
537, S
538, I
539, R
540, G
541, S
542, L
543, F
544, S
545, A
546, R
547, R
548, S
549, S
550, R
551, T
552, S
553, L
554, F
555, S
556, F
557, K
558, G
559, R
560, G
561, R
562, D
563, I
564, G
565, S
566, E
567, T
568, E
569, F
570, A
571, D
572, D
573, E
574, H
575, S
576, I
577, F
578, G
579, D
580, N
581, E
582, S
583, R
584, R
585, G
586, S
587, L
588, F
589, V
590, P
591, H
592, R
593, P
594, Q
595, E
596, R
597, R
598, S
599, S
600, N
601, I
602, S
603, Q
604, A
605, S
606, R
607, S
608, P
609, P
610, M
611, L
612, P
613, V
614, N
615, G
616, K
617, M
618, H
619, S
620, A
621, V
622, D
623, C
624, N
625, G
626, V
627, V
628, S
629, L
630, V
631, D
632, G
633, R
634, S
635, A
636, L
637, M
638, L
639, P
640, N
641, G
642, Q
643, L
644, L
645, P
646, E
647, G
648, T
649, T
650, N
651, Q
652, I
653, H
654, K
655, K
656, R
657, R
658, C
659, S
660, S
661, Y
662, L
663, L
664, S
665, E
666, D
667, M
668, L
669, N
670, D
671, P
672, N
673, L
674, R
675, Q
676, R
677, A
678, M
679, S
680, R
681, A
682, S
683, I
684, L
685, T
686, N
687, T
688, V
689, E
690, E
691, L
692, E
693, E
694, S
695, R
696, Q
697, K
698, C
699, P
700, P
701, W
702, W
703, Y
704, R
705, F
706, A
707, H
708, K
709, F
710, L
711, I
712, W
713, N
714, C
715, S
716, P
717, Y
718, W
719, I
720, K
721, F
722, K
723, K
724, C
725, I
726, Y
727, F
728, I
729, V
730, M
731, D
732, P
733, F
734, V
735, D
736, L
737, A
738, I
739, T
740, I
741, C
742, I
743, V
744, L
745, N
746, T
747, L
748, F
749, M
750, A
751, M
752, E
753, H
754, H
755, P
756, M
757, T
758, E
759, E
760, F
761, K
762, N
763, V
764, L
765, A
766, I
767, G
768, N
769, L
770, V
771, F
772, T
773, G
774, I
775, F
776, A
777, A
778, E
779, M
780, V
781, L
782, K
783, L
784, I
785, A
786, M
787, D
788, P
789, Y
790, E
791, Y
792, F
793, Q
794, V
795, G
796, W
797, N
798, I
799, F
800, D
801, S
802, L
803, I
804, V
805, T
806, L
807, S
808, L
809, V
810, E
811, L
812, F
813, L
814, A
815, D
816, V
817, E
818, G
819, L
820, S
821, V
822, L
823, R
824, S
825, F
826, R
827, L
828, L
829, R
830, V
831, F
832, K
833, L
834, A
835, K
836, S
837, W
838, P
839, T
840, L
841, N
842, M
843, L
844, I
845, K
846, I
847, I
848, G
849, N
850, S
851, V
852, G
853, A
854, L
855, G
856, N
857, L
858, T
859, L
860, V
861, L
862, A
863, I
864, I
865, V
866, F
867, I
868, F
869, A
870, V
871, V
872, G
873, M
874, Q
875, L
876, F
877, G
878, K
879, S
880, Y
881, K
882, E
883, C
884, V
885, C
886, K
887, I
888, N
889, D
890, D
891, C
892, T
893, L
894, P
895, R
896, W
897, H
898, M
899, N
900, D
901, F
902, F
903, H
904, S
905, F
906, L
907, I
908, V
909, F
910, R
911, V
912, L
913, C
914, G
915, E
916, W
917, I
918, E
919, T
920, M
921, W
922, D
923, C
924, M
925, E
926, V
927, A
928, G
929, Q
930, A
931, M
932, C
933, L
934, I
935, V
936, Y
937, M
938, M
939, V
940, M
941, V
942, I
943, G
944, N
945, L
946, V
947, V
948, L
949, N
950, L
951, F
952, L
953, A
954, L
955, L
956, L
957, S
958, S
959, F
960, S
961, S
962, D
963, N
964, L
965, T
966, A
967, I
968, E
969, E
970, D
971, P
972, D
973, A
974, N
975, N
976, L
977, Q
978, I
979, A
980, V
981, T
982, R
983, I
984, K
985, K
986, G
987, I
988, N
989, Y
990, V
991, K
992, Q
993, T
994, L
995, R
996, E
997, F
998, I
999, L
1000, K
1001, A
1002, F
1003, S
1004, K
1005, K
1006, P
1007, K
1008, I
1009, S
1010, R
1011, E
1012, I
1013, R
1014, Q
1015, A
1016, E
1017, D
1018, L
1019, N
1020, T
1021, K
1022, K
1023, E
1024, N
1025, Y
1026, I
1027, S
1028, N
1029, H
1030, T
1031, L
1032, A
1033, E
1034, M
1035, S
1036, K
1037, G
1038, H
1039, N
1040, F
1041, L
1042, K
1043, E
1044, K
1045, D
1046, K
1047, I
1048, S
1049, G
1050, F
1051, G
1052, S
1053, S
1054, V
1055, D
1056, K
1057, H
1058, L
1059, M
1060, E
1061, D
1062, S
1063, D
1064, G
1065, Q
1066, S
1067, F
1068, I
1069, H
1070, N
1071, P
1072, S
1073, L
1074, T
1075, V
1076, T
1077, V
1078, P
1079, I
1080, A
1081, P
1082, G
1083, E
1084, S
1085, D
1086, L
1087, E
1088, N
1089, M
1090, N
1091, A
1092, E
1093, E
1094, L
1095, S
1096, S
1097, D
1098, S
1099, D
1100, S
1101, E
1102, Y
1103, S
1104, K
1105, V
1106, R
1107, L
1108, N
1109, R
1110, S
1111, S
1112, S
1113, S
1114, E
1115, C
1116, S
1117, T
1118, V
1119, D
1120, N
1121, P
1122, L
1123, P
1124, G
1125, E
1126, G
1127, E
1128, E
1129, A
1130, E
1131, A
1132, E
1133, P
1134, M
1135, N
1136, S
1137, D
1138, E
1139, P
1140, E
1141, A
1142, C
1143, F
1144, T
1145, D
1146, G
1147, C
1148, V
1149, R
1150, R
1151, F
1152, S
1153, C
1154, C
1155, Q
1156, V
1157, N
1158, I
1159, E
1160, S
1161, G
1162, K
1163, G
1164, K
1165, I
1166, W
1167, W
1168, N
1169, I
1170, R
1171, K
1172, T
1173, C
1174, Y
1175, K
1176, I
1177, V
1178, E
1179, H
1180, S
1181, W
1182, F
1183, E
1184, S
1185, F
1186, I
1187, V
1188, L
1189, M
1190, I
1191, L
1192, L
1193, S
1194, S
1195, G
1196, A
1197, L
1198, A
1199, F
1200, E
1201, D
1202, I
1203, Y
1204, I
1205, E
1206, R
1207, K
1208, K
1209, T
1210, I
1211, K
1212, I
1213, I
1214, L
1215, E
1216, Y
1217, A
1218, D
1219, K
1220, I
1221, F
1222, T
1223, Y
1224, I
1225, F
1226, I
1227, L
1228, E
1229, M
1230, L
1231, L
1232, K
1233, W
1234, I
1235, A
1236, Y
1237, G
1238, Y
1239, K
1240, T
1241, Y
1242, F
1243, T
1244, N
1245, A
1246, W
1247, C
1248, W
1249, L
1250, D
1251, F
1252, L
1253, I
1254, V
1255, D
1256, V
1257, S
1258, L
1259, V
1260, T
1261, L
1262, V
1263, A
1264, N
1265, T
1266, L
1267, G
1268, Y
1269, S
1270, D
1271, L
1272, G
1273, P
1274, I
1275, K
1276, S
1277, L
1278, R
1279, T
1280, L
1281, R
1282, A
1283, L
1284, R
1285, P
1286, L
1287, R
1288, A
1289, L
1290, S
1291, R
1292, F
1293, E
1294, G
1295, M
1296, R
1297, V
1298, V
1299, V
1300, N
1301, A
1302, L
1303, I
1304, G
1305, A
1306, I
1307, P
1308, S
1309, I
1310, M
1311, N
1312, V
1313, L
1314, L
1315, V
1316, C
1317, L
1318, I
1319, F
1320, W
1321, L
1322, I
1323, F
1324, S
1325, I
1326, M
1327, G
1328, V
1329, N
1330, L
1331, F
1332, A
1333, G
1334, K
1335, F
1336, Y
1337, E
1338, C
1339, I
1340, N
1341, T
1342, T
1343, D
1344, G
1345, S
1346, R
1347, F
1348, P
1349, A
1350, S
1351, Q
1352, V
1353, P
1354, N
1355, R
1356, S
1357, E
1358, C
1359, F
1360, A
1361, L
1362, M
1363, N
1364, V
1365, S
1366, Q
1367, N
1368, V
1369, R
1370, W
1371, K
1372, N
1373, L
1374, K
1375, V
1376, N
1377, F
1378, D
1379, N
1380, V
1381, G
1382, L
1383, G
1384, Y
1385, L
1386, S
1387, L
1388, L
1389, Q
1390, V
1391, A
1392, T
1393, F
1394, K
1395, G
1396, W
1397, T
1398, I
1399, I
1400, M
1401, Y
1402, A
1403, A
1404, V
1405, D
1406, S
1407, V
1408, N
1409, V
1410, D
1411, K
1412, Q
1413, P
1414, K
1415, Y
1416, E
1417, Y
1418, S
1419, L
1420, Y
1421, M
1422, Y
1423, I
1424, Y
1425, F
1426, V
1427, V
1428, F
1429, I
1430, I
1431, F
1432, G
1433, S
1434, F
1435, F
1436, T
1437, L
1438, N
1439, L
1440, F
1441, I
1442, G
1443, V
1444, I
1445, I
1446, D
1447, N
1448, F
1449, N
1450, Q
1451, Q
1452, K
1453, K
1454, K
1455, L
1456, G
1457, G
1458, Q
1459, D
1460, I
1461, F
1462, M
1463, T
1464, E
1465, E
1466, Q
1467, K
1468, K
1469, Y
1470, Y
1471, N
1472, A
1473, M
1474, K
1475, K
1476, L
1477, G
1478, S
1479, K
1480, K
1481, P
1482, Q
1483, K
1484, P
1485, I
1486, P
1487, R
1488, P
1489, G
1490, N
1491, K
1492, I
1493, Q
1494, G
1495, C
1496, I
1497, F
1498, D
1499, L
1500, V
1501, T
1502, N
1503, Q
1504, A
1505, F
1506, D
1507, I
1508, S
1509, I
1510, M
1511, V
1512, L
1513, I
1514, C
1515, L
1516, N
1517, M
1518, V
1519, T
1520, M
1521, M
1522, V
1523, E
1524, K
1525, E
1526, G
1527, Q
1528, S
1529, Q
1530, H
1531, M
1532, T
1533, E
1534, V
1535, L
1536, Y
1537, W
1538, I
1539, N
1540, V
1541, V
1542, F
1543, I
1544, I
1545, L
1546, F
1547, T
1548, G
1549, E
1550, C
1551, V
1552, L
1553, K
1554, L
1555, I
1556, S
1557, L
1558, R
1559, H
1560, Y
1561, Y
1562, F
1563, T
1564, V
1565, G
1566, W
1567, N
1568, I
1569, F
1570, D
1571, F
1572, V
1573, V
1574, V
1575, I
1576, I
1577, S
1578, I
1579, V
1580, G
1581, M
1582, F
1583, L
1584, A
1585, D
1586, L
1587, I
1588, E
1589, T
1590, Y
1591, F
1592, V
1593, S
1594, P
1595, T
1596, L
1597, F
1598, R
1599, V
1600, I
1601, R
1602, L
1603, A
1604, R
1605, I
1606, G
1607, R
1608, I
1609, L
1610, R
1611, L
1612, V
1613, K
1614, G
1615, A
1616, K
1617, G
1618, I
1619, R
1620, T
1621, L
1622, L
1623, F
1624, A
1625, L
1626, M
1627, M
1628, S
1629, L
1630, P
1631, A
1632, L
1633, F
1634, N
1635, I
1636, G
1637, L
1638, L
1639, L
1640, F
1641, L
1642, V
1643, M
1644, F
1645, I
1646, Y
1647, A
1648, I
1649, F
1650, G
1651, M
1652, S
1653, N
1654, F
1655, A
1656, Y
1657, V
1658, K
1659, K
1660, E
1661, D
1662, G
1663, I
1664, N
1665, D
1666, M
1667, F
1668, N
1669, F
1670, E
1671, T
1672, F
1673, G
1674, N
1675, S
1676, M
1677, I
1678, C
1679, L
1680, F
1681, Q
1682, I
1683, T
1684, T
1685, S
1686, A
1687, G
1688, W
1689, D
1690, G
1691, L
1692, L
1693, A
1694, P
1695, I
1696, L
1697, N
1698, S
1699, K
1700, P
1701, P
1702, D
1703, C
1704, D
1705, P
1706, K
1707, K
1708, V
1709, H
1710, P
1711, G
1712, S
1713, S
1714, V
1715, E
1716, G
1717, D
1718, C
1719, G
1720, N
1721, P
1722, S
1723, V
1724, G
1725, I
1726, F
1727, Y
1728, F
1729, V
1730, S
1731, Y
1732, I
1733, I
1734, I
1735, S
1736, F
1737, L
1738, V
1739, V
1740, V
1741, N
1742, M
1743, Y
1744, I
1745, A
1746, V
1747, I
1748, L
1749, E
1750, N
1751, F
1752, S
1753, V
1754, A
1755, T
1756, E
1757, E
1758, S
1759, T
1760, E
1761, P
1762, L
1763, S
1764, E
1765, D
1766, D
1767, F
1768, E
1769, M
1770, F
1771, Y
1772, E
1773, V
1774, W
1775, E
1776, K
1777, F
1778, D
1779, P
1780, D
1781, A
1782, T
1783, Q
1784, F
1785, I
1786, E
1787, F
1788, S
1789, K
1790, L
1791, S
1792, D
1793, F
1794, A
1795, A
1796, A
1797, L
1798, D
1799, P
1800, P
1801, L
1802, L
1803, I
1804, A
1805, K
1806, P
1807, N
1808, K
1809, V
1810, Q
1811, L
1812, I
1813, A
1814, M
1815, D
1816, L
1817, P
1818, M
1819, V
1820, S
1821, G
1822, D
1823, R
1824, I
1825, H
1826, C
1827, L
1828, D
1829, I
1830, L
1831, F
1832, A
1833, F
1834, T
1835, K
1836, R
1837, V
1838, L
1839, G
1840, E
1841, S
1842, G
1843, E
1844, M
1845, D
1846, S
1847, L
1848, R
1849, S
1850, Q
1851, M
1852, E
1853, E
1854, R
1855, F
1856, M
1857, S
1858, A
1859, N
1860, P
1861, S
1862, K
1863, V
1864, S
1865, Y
1866, E
1867, P
1868, I
1869, T
1870, T
1871, T
1872, L
1873, K
1874, R
1875, K
1876, Q
1877, E
1878, D
1879, V
1880, S
1881, A
1882, T
1883, V
1884, I
1885, Q
1886, R
1887, A
1888, Y
1889, R
1890, R
1891, Y
1892, R
1893, L
1894, R
1895, Q
1896, N
1897, V
1898, K
1899, N
1900, I
1901, S
1902, S
1903, I
1904, Y
1905, I
1906, K
1907, D
1908, G
1909, D
1910, R
1911, D
1912, D
1913, D
1914, L
1915, L
1916, N
1917, K
1918, K
1919, D
1920, M
1921, A
1922, F
1923, D
1924, N
1925, V
1926, N
1927, E
1928, N
1929, S
1930, S
1931, P
1932, E
1933, K
1934, T
1935, D
1936, A
1937, T
1938, S
1939, S
1940, T
1941, T
1942, S
1943, P
1944, P
1945, S
1946, Y
1947, D
1948, S
1949, V
1950, T
1951, K
1952, P
1953, D
1954, K
1955, E
1956, K
1957, Y
1958, E
1959, Q
1960, D
1961, R
1962, T
1963, E
1964, K
1965, E
1966, D
1967, K
1968, G
1969, K
1970, D
1971, S
1972, K
1973, E
1974, S
1975, K
1976, K
