position,hse-score,dom-score
2,20.0,0.0
3,15.0,0.0
4,14.0,0.0
5,58.0,0.0
6,19.0,0.0
7,36.0,0.0
8,19.0,0.0
10,30.0,0.0
11,35.0,0.0
12,45.0,0.0
13,67.0,0.0
14,42.0,0.0
17,100.0,0.0
19,83.0,0.0
20,93.0,0.0
21,81.0,0.0
22,48.0,0.0
23,38.0,0.0
24,100.0,0.0
25,90.0,0.0
26,59.0,0.0
28,31.0,0.0
31,45.0,0.0
32,61.0,0.0
33,43.0,0.0
36,22.0,0.0
37,33.0,0.0
38,29.0,0.0
39,10.0,0.0
40,2.0,0.0
41,1.0,0.0
42,0.0,0.0
44,36.0,0.0
45,21.0,0.0
46,12.0,0.0
47,19.0,0.0
49,69.0,0.0
50,34.0,0.0
51,25.0,0.0
54,100.0,0.0
55,46.0,0.0
56,14.0,0.0
57,85.0,0.0
58,81.0,0.0
59,60.0,0.0
60,81.0,0.0
61,28.0,0.0
62,86.0,0.0
63,37.0,0.0
64,100.0,0.0
65,100.0,0.0
66,5.0,0.0
67,53.0,0.0
68,73.0,0.0
69,79.0,0.0
71,13.0,0.0
72,82.0,0.0
73,26.0,0.0
74,42.0,0.0
75,56.0,0.0
76,55.0,0.0
77,28.0,0.0
78,19.0,0.0
79,100.0,0.0
80,100.0,0.0
81,100.0,0.0
82,100.0,0.0
83,65.0,0.0
85,80.0,0.0
86,46.0,0.0
88,13.0,0.0
89,40.0,0.0
90,56.0,0.0
91,93.0,0.0
92,100.0,0.0
96,77.0,0.0
97,75.0,0.0
98,79.0,0.0
99,56.0,0.0
100,75.0,0.0
101,57.0,0.0
102,84.0,0.0
103,20.0,0.0
105,100.0,0.0
106,73.0,0.0
107,100.0,0.0
108,73.0,0.0
111,94.0,0.0
112,50.0,0.0
113,55.0,0.0
114,57.0,0.0
116,100.0,0.0
117,57.0,0.0
118,40.0,0.0
119,20.0,0.0
120,70.0,0.0
122,63.0,0.0
123,14.0,0.0
124,87.0,0.0
127,74.0,72.0
128,49.0,60.0
129,82.0,17.0
130,83.0,25.0
131,66.0,33.0
132,44.0,8.0
133,100.0,16.0
134,50.0,53.0
135,70.0,29.0
139,21.0,13.0
140,93.0,14.0
142,76.0,21.0
143,41.0,28.0
144,90.0,60.0
145,100.0,14.0
147,68.0,9.0
148,100.0,74.0
150,16.0,14.0
151,29.0,38.0
152,44.0,23.0
153,42.0,6.0
154,58.0,9.0
155,23.0,12.0
156,26.0,8.0
157,55.0,30.0
158,56.0,46.0
159,10.0,9.0
160,61.0,13.0
162,44.0,26.0
163,54.0,28.0
164,81.0,11.0
165,75.0,12.0
166,29.0,18.0
167,100.0,16.0
168,100.0,12.0
169,76.0,29.0
170,68.0,100.0
171,100.0,28.0
172,53.0,12.0
173,94.0,63.0
174,65.0,28.0
176,86.0,22.0
177,61.0,27.0
179,100.0,73.0
180,100.0,5.0
181,75.0,17.0
183,58.0,30.0
184,25.0,17.0
186,100.0,10.0
188,77.0,54.0
189,100.0,40.0
191,100.0,47.0
192,81.0,24.0
193,100.0,100.0
194,100.0,18.0
195,100.0,7.0
196,100.0,29.0
197,100.0,100.0
198,65.0,14.0
199,44.0,24.0
200,100.0,65.0
201,72.0,72.0
202,19.0,15.0
203,30.0,55.0
205,56.0,27.0
206,52.0,33.0
207,57.0,18.0
208,64.0,11.0
209,10.0,18.0
210,62.0,26.0
211,37.0,27.0
213,44.0,12.0
214,41.0,12.0
215,56.0,30.0
217,61.0,24.0
218,100.0,75.0
221,67.0,14.0
224,81.0,14.0
227,100.0,40.0
228,100.0,66.0
229,73.0,18.0
231,73.0,40.0
233,57.0,7.0
234,50.0,28.0
235,77.0,32.0
236,100.0,64.0
237,100.0,48.0
238,66.0,39.0
241,77.0,8.0
242,81.0,29.0
243,100.0,75.0
244,88.0,15.0
246,70.0,73.0
248,93.0,19.0
249,85.0,45.0
250,93.0,75.0
251,43.0,8.0
252,75.0,62.0
253,100.0,56.0
254,67.0,11.0
255,71.0,60.0
256,100.0,51.0
257,100.0,13.0
258,53.0,16.0
259,100.0,34.0
260,42.0,14.0
261,100.0,14.0
262,93.0,12.0
263,82.0,72.0
264,100.0,54.0
265,87.0,66.0
266,100.0,63.0
268,100.0,100.0
269,64.0,57.0
271,100.0,18.0
272,87.0,100.0
273,56.0,19.0
274,100.0,9.0
277,74.0,0.0
279,100.0,0.0
281,44.0,0.0
283,4.0,0.0
284,7.0,3.0
285,10.0,12.0
287,4.0,20.0
288,10.0,46.0
289,22.0,6.0
290,8.0,33.0
293,40.0,0.0
295,9.0,0.0
296,23.0,0.0
297,20.0,0.0
301,4.0,0.0
302,6.0,0.0
303,20.0,0.0
304,6.0,0.0
305,25.0,0.0
306,9.0,0.0
307,27.0,0.0
308,38.0,0.0
309,25.0,10.0
310,28.0,7.0
311,20.0,33.0
313,14.0,4.0
314,23.0,12.0
316,12.0,22.0
318,37.0,6.0
322,49.0,7.0
323,19.0,21.0
324,70.0,9.0
326,100.0,14.0
327,100.0,27.0
328,46.0,0.0
329,31.0,0.0
330,69.0,0.0
331,67.0,0.0
332,66.0,0.0
333,81.0,0.0
334,44.0,0.0
337,67.0,0.0
338,65.0,0.0
339,100.0,0.0
341,100.0,0.0
342,44.0,69.0
343,71.0,22.0
344,61.0,15.0
345,46.0,25.0
346,26.0,16.0
347,100.0,4.0
348,100.0,4.0
350,21.0,19.0
354,73.0,13.0
355,77.0,23.0
357,58.0,23.0
358,100.0,12.0
359,54.0,37.0
360,100.0,6.0
361,87.0,24.0
362,66.0,26.0
363,81.0,13.0
364,48.0,11.0
365,72.0,6.0
366,100.0,6.0
368,100.0,6.0
371,100.0,4.0
372,100.0,10.0
373,11.0,5.0
375,100.0,5.0
377,100.0,7.0
378,87.0,3.0
379,85.0,5.0
380,14.0,10.0
381,63.0,16.0
382,94.0,15.0
383,68.0,9.0
384,68.0,2.0
385,72.0,2.0
387,61.0,1.0
388,20.0,1.0
389,54.0,1.0
390,72.0,26.0
391,73.0,69.0
392,100.0,23.0
393,100.0,100.0
394,59.0,29.0
395,66.0,27.0
398,100.0,30.0
399,80.0,34.0
401,100.0,13.0
402,100.0,29.0
403,100.0,17.0
405,60.0,51.0
407,100.0,74.0
408,66.0,26.0
410,80.0,37.0
412,89.0,63.0
414,100.0,0.0
415,93.0,0.0
416,100.0,0.0
417,81.0,0.0
418,100.0,0.0
419,91.0,0.0
420,80.0,0.0
421,83.0,0.0
422,64.0,0.0
423,59.0,0.0
424,30.0,0.0
425,35.0,0.0
426,67.0,0.0
427,45.0,0.0
429,51.0,0.0
430,68.0,0.0
431,100.0,0.0
432,31.0,0.0
433,39.0,0.0
434,81.0,0.0
435,83.0,0.0
436,50.0,0.0
437,21.0,0.0
438,32.0,0.0
440,17.0,0.0
441,62.0,0.0
442,81.0,0.0
443,64.0,0.0
444,47.0,0.0
448,17.0,0.0
449,40.0,0.0
450,19.0,0.0
451,19.0,0.0
452,26.0,0.0
453,21.0,0.0
454,30.0,0.0
455,48.0,0.0
456,12.0,0.0
457,60.0,0.0
458,14.0,0.0
459,30.0,0.0
460,10.0,0.0
463,19.0,0.0
464,64.0,0.0
465,20.0,0.0
467,52.0,0.0
469,20.0,0.0
471,43.0,0.0
472,23.0,0.0
473,46.0,0.0
474,12.0,0.0
476,31.0,0.0
477,46.0,0.0
478,24.0,0.0
479,30.0,0.0
480,19.0,0.0
482,8.0,0.0
483,12.0,0.0
484,13.0,0.0
485,19.0,0.0
486,20.0,0.0
487,24.0,0.0
488,25.0,0.0
489,6.0,0.0
490,13.0,0.0
491,13.0,0.0
492,14.0,0.0
493,4.0,0.0
494,11.0,0.0
495,9.0,0.0
496,39.0,0.0
497,32.0,0.0
498,24.0,0.0
499,28.0,0.0
500,22.0,0.0
502,23.0,0.0
503,10.0,0.0
504,50.0,0.0
505,24.0,0.0
506,15.0,0.0
507,16.0,0.0
508,6.0,0.0
509,7.0,0.0
510,5.0,0.0
511,7.0,0.0
515,10.0,0.0
516,27.0,0.0
517,11.0,0.0
518,40.0,0.0
520,9.0,0.0
521,63.0,0.0
522,26.0,0.0
525,16.0,0.0
527,11.0,0.0
529,10.0,0.0
531,12.0,0.0
533,7.0,0.0
534,16.0,0.0
536,33.0,0.0
537,14.0,0.0
538,4.0,0.0
539,32.0,0.0
540,21.0,0.0
541,25.0,0.0
542,21.0,0.0
544,31.0,0.0
545,20.0,0.0
546,3.0,0.0
547,16.0,0.0
548,4.0,0.0
549,14.0,0.0
550,10.0,0.0
553,20.0,0.0
554,13.0,0.0
556,20.0,0.0
557,9.0,0.0
559,24.0,0.0
560,17.0,0.0
561,6.0,0.0
562,5.0,0.0
563,10.0,0.0
564,11.0,0.0
565,2.0,0.0
566,9.0,0.0
570,16.0,0.0
574,13.0,0.0
575,17.0,0.0
576,12.0,0.0
577,13.0,0.0
578,11.0,0.0
580,20.0,0.0
581,8.0,0.0
582,6.0,0.0
583,9.0,0.0
584,12.0,0.0
585,11.0,0.0
587,8.0,0.0
588,10.0,0.0
589,16.0,0.0
590,26.0,0.0
591,27.0,0.0
593,15.0,0.0
594,4.0,0.0
595,6.0,0.0
597,0.0,0.0
598,0.0,0.0
599,1.0,0.0
600,4.0,0.0
602,5.0,0.0
603,4.0,0.0
604,6.0,0.0
605,10.0,0.0
606,14.0,0.0
607,9.0,0.0
608,4.0,0.0
609,3.0,0.0
610,7.0,0.0
611,6.0,0.0
612,4.0,0.0
613,8.0,0.0
614,6.0,0.0
616,6.0,0.0
617,7.0,0.0
621,8.0,0.0
622,15.0,0.0
623,5.0,0.0
624,6.0,0.0
625,13.0,0.0
626,7.0,0.0
628,4.0,0.0
629,6.0,0.0
631,5.0,0.0
633,4.0,0.0
634,4.0,0.0
635,14.0,0.0
636,15.0,0.0
638,6.0,0.0
641,19.0,0.0
642,7.0,0.0
643,6.0,0.0
644,14.0,0.0
645,21.0,0.0
646,5.0,0.0
649,7.0,0.0
650,12.0,0.0
651,15.0,0.0
652,4.0,0.0
653,14.0,0.0
657,10.0,0.0
658,14.0,0.0
659,29.0,0.0
660,29.0,0.0
663,20.0,0.0
664,46.0,0.0
666,22.0,0.0
667,82.0,0.0
668,33.0,0.0
669,58.0,0.0
670,75.0,0.0
671,32.0,0.0
672,44.0,0.0
674,80.0,0.0
675,83.0,0.0
676,66.0,0.0
677,86.0,0.0
678,65.0,0.0
679,87.0,0.0
682,50.0,0.0
684,59.0,0.0
685,49.0,0.0
686,21.0,0.0
687,27.0,0.0
688,10.0,0.0
690,26.0,0.0
693,14.0,0.0
694,24.0,0.0
695,63.0,0.0
696,54.0,0.0
697,100.0,0.0
698,53.0,0.0
699,100.0,0.0
700,16.0,0.0
702,8.0,0.0
703,76.0,0.0
706,44.0,0.0
707,93.0,0.0
708,30.0,0.0
709,8.0,0.0
710,70.0,0.0
711,24.0,0.0
712,30.0,0.0
713,55.0,72.0
714,75.0,60.0
715,63.0,17.0
716,80.0,25.0
718,100.0,8.0
719,29.0,16.0
720,85.0,53.0
721,100.0,29.0
722,28.0,12.0
723,94.0,100.0
724,76.0,30.0
725,65.0,13.0
726,100.0,14.0
727,100.0,100.0
729,85.0,28.0
730,100.0,60.0
732,59.0,15.0
733,100.0,9.0
736,66.0,14.0
737,92.0,38.0
738,100.0,23.0
739,28.0,6.0
740,25.0,9.0
741,100.0,12.0
742,64.0,8.0
743,32.0,30.0
744,35.0,46.0
745,57.0,9.0
747,32.0,21.0
748,50.0,26.0
749,100.0,28.0
751,69.0,12.0
753,100.0,16.0
754,75.0,12.0
755,100.0,29.0
756,100.0,100.0
757,76.0,28.0
759,76.0,63.0
760,100.0,28.0
761,68.0,29.0
762,100.0,5.0
763,100.0,17.0
765,12.0,27.0
766,33.0,16.0
767,100.0,73.0
768,80.0,5.0
769,94.0,17.0
770,100.0,27.0
771,60.0,30.0
774,69.0,10.0
775,20.0,10.0
776,100.0,54.0
778,86.0,40.0
779,39.0,47.0
780,51.0,24.0
781,100.0,100.0
782,100.0,18.0
783,93.0,7.0
784,100.0,29.0
786,26.0,14.0
787,26.0,24.0
788,93.0,65.0
790,15.0,15.0
791,67.0,55.0
792,81.0,73.0
793,81.0,27.0
794,53.0,33.0
795,92.0,10.0
796,89.0,18.0
797,24.0,11.0
798,80.0,18.0
799,51.0,26.0
801,43.0,64.0
802,38.0,12.0
803,32.0,12.0
804,64.0,30.0
805,79.0,40.0
806,69.0,24.0
807,100.0,75.0
809,72.0,25.0
810,81.0,14.0
813,100.0,14.0
815,87.0,16.0
818,100.0,18.0
819,80.0,27.0
820,100.0,40.0
821,68.0,15.0
823,100.0,28.0
824,100.0,32.0
825,81.0,64.0
826,89.0,48.0
827,25.0,39.0
829,92.0,56.0
830,55.0,8.0
831,73.0,29.0
832,90.0,75.0
833,48.0,15.0
834,81.0,14.0
836,60.0,56.0
837,68.0,19.0
838,100.0,45.0
840,78.0,8.0
841,84.0,62.0
842,100.0,56.0
844,81.0,60.0
845,84.0,51.0
847,52.0,16.0
850,87.0,14.0
852,76.0,72.0
853,65.0,54.0
854,93.0,66.0
855,73.0,63.0
856,70.0,29.0
857,100.0,100.0
859,94.0,41.0
860,100.0,18.0
861,81.0,100.0
862,100.0,19.0
863,77.0,9.0
864,51.0,14.0
865,87.0,9.0
866,46.0,3.0
868,10.0,6.0
869,17.0,20.0
871,32.0,6.0
872,29.0,33.0
873,36.0,38.0
874,10.0,100.0
875,12.0,10.0
876,63.0,7.0
877,62.0,33.0
879,100.0,4.0
880,73.0,12.0
881,79.0,18.0
882,15.0,22.0
883,81.0,19.0
884,100.0,6.0
885,69.0,9.0
887,72.0,73.0
888,100.0,7.0
889,93.0,21.0
891,71.0,22.0
894,59.0,69.0
895,100.0,22.0
898,100.0,16.0
899,100.0,4.0
900,93.0,4.0
902,73.0,19.0
903,93.0,14.0
904,100.0,7.0
905,64.0,22.0
906,100.0,13.0
907,100.0,23.0
908,91.0,15.0
909,72.0,23.0
911,0.0,37.0
912,55.0,6.0
913,47.0,24.0
914,47.0,26.0
916,77.0,26.0
918,54.0,23.0
919,69.0,100.0
920,66.0,29.0
921,59.0,27.0
922,80.0,16.0
923,72.0,70.0
925,94.0,34.0
926,100.0,39.0
929,89.0,17.0
930,90.0,32.0
931,100.0,51.0
932,67.0,100.0
933,100.0,74.0
934,100.0,26.0
936,100.0,37.0
937,100.0,56.0
938,89.0,63.0
939,72.0,27.0
940,80.0,0.0
942,100.0,0.0
943,81.0,0.0
944,63.0,0.0
945,59.0,0.0
946,70.0,0.0
947,48.0,0.0
948,52.0,0.0
949,73.0,0.0
950,24.0,0.0
951,65.0,0.0
952,52.0,0.0
953,84.0,0.0
954,27.0,0.0
955,83.0,0.0
956,35.0,0.0
957,79.0,0.0
958,74.0,0.0
959,89.0,0.0
961,53.0,0.0
962,87.0,0.0
963,47.0,0.0
964,18.0,0.0
966,57.0,0.0
967,45.0,0.0
968,46.0,0.0
969,28.0,0.0
970,30.0,0.0
972,24.0,0.0
973,49.0,0.0
976,27.0,0.0
977,27.0,0.0
978,5.0,0.0
979,28.0,0.0
980,15.0,0.0
983,20.0,0.0
984,13.0,0.0
985,17.0,0.0
987,30.0,0.0
989,20.0,0.0
990,26.0,0.0
991,10.0,0.0
992,11.0,0.0
993,21.0,0.0
994,21.0,0.0
995,20.0,0.0
996,24.0,0.0
998,22.0,0.0
999,24.0,0.0
1000,8.0,0.0
1001,31.0,0.0
1002,27.0,0.0
1003,30.0,0.0
1005,22.0,0.0
1006,14.0,0.0
1007,23.0,0.0
1009,14.0,0.0
1010,25.0,0.0
1012,16.0,0.0
1013,9.0,0.0
1014,22.0,0.0
1015,6.0,0.0
1017,47.0,0.0
1018,38.0,0.0
1019,9.0,0.0
1020,28.0,0.0
1021,13.0,0.0
1022,44.0,0.0
1024,29.0,0.0
1025,16.0,0.0
1026,18.0,0.0
1028,14.0,0.0
1029,12.0,0.0
1030,29.0,0.0
1031,26.0,0.0
1032,23.0,0.0
1033,32.0,0.0
1034,8.0,0.0
1035,10.0,0.0
1036,40.0,0.0
1037,5.0,0.0
1038,25.0,0.0
1039,25.0,0.0
1042,19.0,0.0
1043,12.0,0.0
1044,21.0,0.0
1045,50.0,0.0
1046,16.0,0.0
1047,78.0,0.0
1048,78.0,0.0
1049,90.0,0.0
1050,81.0,0.0
1051,21.0,0.0
1052,29.0,0.0
1054,0.0,0.0
1056,0.0,0.0
1057,35.0,0.0
1058,71.0,0.0
1059,9.0,0.0
1060,86.0,0.0
1061,27.0,0.0
1062,8.0,0.0
1063,36.0,0.0
1064,34.0,0.0
1065,48.0,0.0
1066,35.0,0.0
1067,19.0,0.0
1068,28.0,0.0
1070,21.0,0.0
1071,43.0,0.0
1072,49.0,0.0
1073,10.0,0.0
1074,0.0,0.0
1075,0.0,0.0
1076,0.0,0.0
1077,0.0,0.0
1078,0.0,0.0
1080,0.0,0.0
1081,0.0,0.0
1083,0.0,0.0
1085,0.0,0.0
1086,0.0,0.0
1087,0.0,0.0
1088,0.0,0.0
1089,0.0,0.0
1091,45.0,0.0
1092,22.0,0.0
1093,33.0,0.0
1094,42.0,0.0
1095,6.0,0.0
1096,1.0,0.0
1097,1.0,0.0
1099,15.0,0.0
1100,25.0,0.0
1101,1.0,0.0
1102,0.0,0.0
1104,0.0,0.0
1105,0.0,0.0
1107,0.0,0.0
1108,0.0,0.0
1109,0.0,0.0
1110,0.0,0.0
1111,0.0,0.0
1112,0.0,0.0
1115,0.0,0.0
1117,0.0,0.0
1118,0.0,0.0
1119,0.0,0.0
1120,0.0,0.0
1121,0.0,0.0
1122,0.0,0.0
1123,0.0,0.0
1124,0.0,0.0
1125,0.0,0.0
1126,0.0,0.0
1127,0.0,0.0
1128,0.0,0.0
1129,0.0,0.0
1130,0.0,0.0
1132,0.0,0.0
1133,30.0,0.0
1134,29.0,0.0
1136,20.0,0.0
1137,100.0,0.0
1138,39.0,0.0
1139,19.0,0.0
1141,73.0,0.0
1142,25.0,0.0
1143,84.0,0.0
1144,22.0,0.0
1145,15.0,0.0
1146,14.0,0.0
1147,23.0,0.0
1148,21.0,0.0
1149,66.0,0.0
1150,11.0,0.0
1151,10.0,0.0
1152,18.0,0.0
1153,19.0,0.0
1154,12.0,0.0
1155,59.0,0.0
1156,40.0,0.0
1157,9.0,0.0
1159,0.0,0.0
1160,1.0,0.0
1161,1.0,0.0
1162,11.0,0.0
1164,78.0,0.0
1165,70.0,0.0
1167,69.0,0.0
1168,57.0,0.0
1169,62.0,0.0
1170,75.0,0.0
1171,33.0,0.0
1172,68.0,0.0
1173,38.0,0.0
1174,36.0,0.0
1175,42.0,0.0
1176,10.0,0.0
1178,22.0,0.0
1179,29.0,0.0
1181,56.0,0.0
1182,32.0,0.0
1183,19.0,0.0
1184,35.0,0.0
1185,49.0,0.0
1186,25.0,0.0
1187,16.0,0.0
1188,34.0,0.0
1189,69.0,0.0
1190,21.0,0.0
1191,57.0,0.0
1192,60.0,0.0
1196,57.0,0.0
1197,65.0,0.0
1198,72.0,0.0
1200,24.0,0.0
1201,93.0,72.0
1203,90.0,17.0
1204,83.0,25.0
1205,48.0,33.0
1207,100.0,16.0
1208,90.0,53.0
1209,66.0,29.0
1210,100.0,12.0
1211,100.0,100.0
1212,52.0,30.0
1213,49.0,13.0
1214,83.0,14.0
1215,76.0,100.0
1216,100.0,21.0
1217,75.0,28.0
1220,64.0,15.0
1221,76.0,9.0
1222,100.0,74.0
1223,76.0,32.0
1224,81.0,14.0
1226,100.0,23.0
1227,71.0,6.0
1229,68.0,12.0
1230,45.0,8.0
1233,52.0,0.0
1234,51.0,0.0
1235,90.0,9.0
1237,24.0,21.0
1238,61.0,26.0
1241,69.0,12.0
1242,71.0,18.0
1244,52.0,12.0
1245,51.0,29.0
1246,100.0,100.0
1247,100.0,28.0
1248,55.0,12.0
1252,53.0,5.0
1254,100.0,22.0
1255,78.0,27.0
1256,94.0,16.0
1257,100.0,73.0
1258,100.0,5.0
1259,54.0,17.0
1260,100.0,27.0
1261,77.0,30.0
1263,53.0,4.0
1264,44.0,10.0
1265,31.0,10.0
1266,77.0,54.0
1267,100.0,40.0
1268,93.0,40.0
1272,69.0,18.0
1273,41.0,7.0
1274,100.0,29.0
1276,100.0,14.0
1277,77.0,24.0
1280,26.0,15.0
1281,80.0,55.0
1282,52.0,73.0
1284,54.0,33.0
1286,72.0,18.0
1287,27.0,11.0
1289,44.0,26.0
1290,24.0,27.0
1291,42.0,64.0
1292,38.0,12.0
1294,31.0,2.0
1296,47.0,1.0
1297,34.0,0.0
1299,60.0,30.0
1301,59.0,24.0
1302,65.0,75.0
1303,56.0,100.0
1305,70.0,14.0
1307,54.0,29.0
1310,74.0,16.0
1312,73.0,66.0
1313,64.0,18.0
1314,70.0,27.0
1315,73.0,40.0
1317,51.0,7.0
1318,74.0,28.0
1321,67.0,48.0
1322,74.0,39.0
1324,100.0,56.0
1327,100.0,75.0
1328,54.0,15.0
1331,72.0,56.0
1336,100.0,62.0
1337,100.0,56.0
1339,100.0,60.0
1341,100.0,13.0
1342,100.0,16.0
1343,82.0,34.0
1347,93.0,72.0
1348,100.0,54.0
1349,73.0,66.0
1352,100.0,100.0
1354,61.0,41.0
1355,81.0,18.0
1356,100.0,100.0
1357,80.0,19.0
1361,7.0,3.0
1362,21.0,12.0
1364,57.0,20.0
1365,65.0,46.0
1366,15.0,6.0
1367,67.0,33.0
1368,36.0,38.0
1369,43.0,100.0
1370,0.0,10.0
1371,12.0,7.0
1372,12.0,33.0
1373,26.0,12.0
1374,31.0,4.0
1375,15.0,12.0
1376,46.0,18.0
1377,9.0,22.0
1378,93.0,19.0
1379,54.0,6.0
1381,18.0,30.0
1383,42.0,7.0
1384,72.0,21.0
1385,17.0,9.0
1386,35.0,22.0
1387,39.0,14.0
1388,9.0,27.0
1389,7.0,69.0
1390,22.0,22.0
1391,21.0,15.0
1392,35.0,25.0
1393,17.0,16.0
1394,12.0,4.0
1395,100.0,4.0
1396,26.0,38.0
1397,58.0,19.0
1398,48.0,14.0
1399,80.0,7.0
1400,77.0,22.0
1401,100.0,13.0
1402,77.0,23.0
1403,100.0,15.0
1404,100.0,23.0
1407,13.0,6.0
1410,100.0,13.0
1411,67.0,11.0
1413,81.0,6.0
1414,100.0,7.0
1415,100.0,6.0
1417,73.0,16.0
1418,72.0,4.0
1421,71.0,3.0
1422,58.0,5.0
1423,43.0,12.0
1424,74.0,7.0
1425,70.0,3.0
1426,38.0,5.0
1429,63.0,15.0
1431,58.0,2.0
1434,14.0,1.0
1435,52.0,1.0
1436,10.0,1.0
1437,100.0,0.0
1439,25.0,0.0
1440,20.0,0.0
1442,7.0,0.0
1443,63.0,0.0
1444,56.0,0.0
1445,60.0,0.0
1446,66.0,0.0
1447,100.0,26.0
1450,100.0,100.0
1452,61.0,27.0
1453,100.0,16.0
1454,100.0,70.0
1455,93.0,30.0
1456,100.0,34.0
1457,100.0,39.0
1459,100.0,29.0
1460,81.0,17.0
1461,81.0,32.0
1462,100.0,51.0
1464,93.0,74.0
1465,81.0,26.0
1466,93.0,69.0
1467,78.0,37.0
1469,100.0,63.0
1470,100.0,27.0
1471,100.0,0.0
1474,100.0,0.0
1475,86.0,0.0
1478,68.0,0.0
1479,78.0,0.0
1480,26.0,0.0
1482,100.0,0.0
1483,63.0,0.0
1484,84.0,0.0
1490,87.0,0.0
1491,100.0,0.0
1492,93.0,0.0
1496,77.0,0.0
1497,83.0,0.0
1499,100.0,0.0
1503,68.0,0.0
1504,90.0,0.0
1507,77.0,0.0
1508,93.0,0.0
1509,54.0,0.0
1510,93.0,0.0
1511,100.0,0.0
1513,100.0,0.0
1514,11.0,0.0
1515,63.0,0.0
1516,74.0,0.0
1517,19.0,0.0
1518,86.0,0.0
1519,79.0,0.0
1523,78.0,0.0
1524,24.0,72.0
1526,100.0,17.0
1528,80.0,33.0
1529,23.0,8.0
1530,67.0,16.0
1531,90.0,53.0
1533,29.0,12.0
1534,93.0,100.0
1535,92.0,30.0
1536,23.0,13.0
1537,89.0,14.0
1538,100.0,100.0
1539,53.0,21.0
1540,80.0,28.0
1541,89.0,60.0
1542,78.0,14.0
1543,78.0,15.0
1544,83.0,9.0
1545,100.0,74.0
1546,78.0,32.0
1547,76.0,14.0
1549,68.0,23.0
1550,39.0,6.0
1551,39.0,9.0
1552,74.0,12.0
1554,26.0,30.0
1555,10.0,46.0
1556,15.0,9.0
1557,20.0,13.0
1558,21.0,21.0
1559,56.0,26.0
1561,12.0,11.0
1562,7.0,12.0
1563,94.0,18.0
1564,100.0,16.0
1565,37.0,12.0
1566,49.0,29.0
1567,100.0,100.0
1568,65.0,28.0
1570,53.0,63.0
1572,100.0,29.0
1573,17.0,5.0
1575,30.0,22.0
1576,56.0,27.0
1577,52.0,16.0
1579,65.0,5.0
1580,18.0,17.0
1581,52.0,27.0
1584,23.0,10.0
1585,66.0,10.0
1586,66.0,54.0
1587,72.0,40.0
1588,68.0,40.0
1589,12.0,47.0
1590,30.0,24.0
1591,71.0,100.0
1592,73.0,18.0
1598,74.0,65.0
1599,74.0,72.0
1600,66.0,15.0
1601,63.0,55.0
1602,73.0,73.0
1603,74.0,27.0
1605,67.0,10.0
1606,26.0,18.0
1607,15.0,11.0
1608,80.0,18.0
1610,42.0,27.0
1611,56.0,64.0
1612,64.0,12.0
1614,65.0,2.0
1615,53.0,1.0
1616,49.0,1.0
1617,22.0,0.0
1618,69.0,0.0
1619,100.0,0.0
1621,100.0,1.0
1622,63.0,30.0
1624,84.0,24.0
1625,87.0,75.0
1627,89.0,25.0
1628,65.0,14.0
1630,93.0,29.0
1633,78.0,16.0
1634,100.0,40.0
1635,100.0,66.0
1636,100.0,18.0
1637,57.0,27.0
1638,67.0,40.0
1639,47.0,15.0
1640,81.0,7.0
1641,93.0,28.0
1643,78.0,64.0
1646,100.0,57.0
1647,93.0,56.0
1648,81.0,8.0
1651,78.0,15.0
1653,100.0,73.0
1654,100.0,56.0
1655,100.0,19.0
1656,93.0,45.0
1657,100.0,75.0
1658,81.0,8.0
1659,100.0,62.0
1662,100.0,60.0
1663,100.0,51.0
1664,94.0,13.0
1665,100.0,16.0
1666,100.0,34.0
1668,100.0,14.0
1669,100.0,12.0
1670,100.0,72.0
1671,69.0,54.0
1673,87.0,63.0
1674,81.0,29.0
1675,100.0,100.0
1676,100.0,57.0
1677,54.0,41.0
1678,37.0,18.0
1679,100.0,100.0
1681,36.0,9.0
1682,100.0,20.0
1683,70.0,46.0
1684,6.0,6.0
1685,58.0,33.0
1686,32.0,38.0
1687,100.0,100.0
1688,93.0,10.0
1689,81.0,7.0
1691,74.0,12.0
1692,65.0,4.0
1693,100.0,12.0
1694,100.0,18.0
1695,59.0,22.0
1696,100.0,19.0
1697,81.0,6.0
1699,82.0,30.0
1700,100.0,73.0
1701,92.0,7.0
1702,70.0,21.0
1703,71.0,9.0
1707,87.0,69.0
1708,84.0,22.0
1711,100.0,16.0
1713,100.0,4.0
1715,81.0,19.0
1716,85.0,14.0
1718,35.0,22.0
1719,68.0,13.0
1720,72.0,23.0
1721,79.0,15.0
1724,20.0,37.0
1725,45.0,6.0
1726,58.0,24.0
1727,7.0,26.0
1729,50.0,11.0
1730,36.0,6.0
1731,26.0,6.0
1732,14.0,7.0
1733,10.0,6.0
1734,29.0,7.0
1735,26.0,16.0
1736,31.0,4.0
1737,28.0,10.0
1738,18.0,5.0
1742,100.0,7.0
1744,45.0,5.0
1745,63.0,10.0
1746,49.0,16.0
1747,67.0,15.0
1749,72.0,26.0
1750,19.0,69.0
1751,69.0,23.0
1752,81.0,100.0
1754,71.0,27.0
1755,100.0,16.0
1757,90.0,30.0
1758,94.0,34.0
1759,100.0,39.0
1765,100.0,100.0
1769,81.0,37.0
1770,65.0,56.0
1771,93.0,63.0
1772,93.0,27.0
1773,100.0,0.0
1775,81.0,0.0
1776,59.0,0.0
1778,100.0,0.0
1781,87.0,0.0
1782,71.0,0.0
1783,52.0,0.0
1785,49.0,0.0
1788,80.0,0.0
1789,100.0,0.0
1791,100.0,0.0
1793,47.0,0.0
1794,87.0,0.0
1796,91.0,0.0
1797,39.0,0.0
1798,100.0,0.0
1799,75.0,0.0
1800,93.0,0.0
1801,100.0,0.0
1802,100.0,0.0
1803,72.0,0.0
1804,53.0,0.0
1805,70.0,0.0
1806,100.0,0.0
1807,100.0,0.0
1808,77.0,0.0
1809,77.0,0.0
1810,56.0,0.0
1811,33.0,0.0
1812,43.0,0.0
1813,21.0,0.0
1814,100.0,0.0
1815,76.0,0.0
1816,56.0,0.0
1817,100.0,0.0
1818,56.0,0.0
1821,100.0,0.0
1822,36.0,0.0
1823,22.0,0.0
1824,100.0,0.0
1827,69.0,0.0
1828,33.0,0.0
1829,78.0,0.0
1830,100.0,0.0
1831,100.0,0.0
1833,24.0,0.0
1834,36.0,0.0
1835,81.0,0.0
1837,35.0,0.0
1838,83.0,0.0
1840,89.0,0.0
1841,63.0,0.0
1842,81.0,0.0
1843,64.0,0.0
1844,45.0,0.0
1845,65.0,0.0
1846,92.0,0.0
1848,90.0,0.0
1851,67.0,0.0
1852,100.0,0.0
1853,93.0,0.0
1854,100.0,0.0
1855,48.0,0.0
1856,100.0,0.0
1857,53.0,0.0
1858,100.0,0.0
1859,81.0,0.0
1862,93.0,0.0
1863,100.0,0.0
1864,52.0,0.0
1865,64.0,0.0
1866,42.0,0.0
1867,57.0,0.0
1868,65.0,0.0
1869,68.0,0.0
1871,80.0,0.0
1873,17.0,0.0
1874,52.0,0.0
1876,78.0,0.0
1877,66.0,0.0
1878,51.0,0.0
1879,59.0,0.0
1881,54.0,0.0
1882,54.0,0.0
1883,90.0,0.0
1884,59.0,0.0
1885,46.0,0.0
1886,80.0,0.0
1887,43.0,0.0
1888,45.0,0.0
1889,64.0,0.0
1891,100.0,0.0
1892,93.0,0.0
1893,64.0,0.0
1894,93.0,0.0
1895,100.0,0.0
1899,94.0,0.0
1900,41.0,0.0
1902,66.0,0.0
1903,41.0,0.0
1905,93.0,0.0
1906,24.0,0.0
1907,55.0,0.0
1908,88.0,0.0
1910,87.0,0.0
1911,64.0,0.0
1912,39.0,0.0
1914,23.0,0.0
1915,19.0,0.0
1916,36.0,0.0
1917,45.0,0.0
1918,48.0,0.0
1920,34.0,0.0
1921,25.0,0.0
1922,36.0,0.0
1923,20.0,0.0
1925,56.0,0.0
1927,13.0,0.0
1928,0.0,0.0
1929,0.0,0.0
1930,0.0,0.0
1931,1.0,0.0
1932,9.0,0.0
1933,12.0,0.0
1934,22.0,0.0
1936,11.0,0.0
1939,13.0,0.0
1940,8.0,0.0
1941,12.0,0.0
1942,10.0,0.0
1943,7.0,0.0
1944,8.0,0.0
1945,7.0,0.0
1946,13.0,0.0
1947,7.0,0.0
1948,5.0,0.0
1950,8.0,0.0
1953,16.0,0.0
1955,21.0,0.0
1956,5.0,0.0
1957,33.0,0.0
1959,24.0,0.0
1960,9.0,0.0
1961,14.0,0.0
1962,22.0,0.0
1963,23.0,0.0
1964,13.0,0.0
1965,34.0,0.0
1966,18.0,0.0
1967,40.0,0.0
1969,39.0,0.0
1970,44.0,0.0
1971,3.0,0.0
1972,1.0,0.0
1973,0.0,0.0
1974,31.0,0.0
1975,45.0,0.0
1976,43.0,0.0
1978,37.0,0.0
1979,41.0,0.0
1980,32.0,0.0
1981,57.0,0.0
1982,32.0,0.0
1983,27.0,0.0
1984,16.0,0.0
1985,27.0,0.0
1986,41.0,0.0
1988,1.0,0.0
1989,2.0,0.0
1990,2.0,0.0
1991,8.0,0.0
1992,18.0,0.0
1993,32.0,0.0
1994,22.0,0.0
1995,9.0,0.0
1996,15.0,0.0
1997,21.0,0.0
1998,32.0,0.0
1999,40.0,0.0
2000,24.0,0.0
2001,11.0,0.0
2002,18.0,0.0
2003,28.0,0.0
2007,0.0,0.0
2008,0.0,0.0
2009,1.0,0.0
2010,0.0,0.0
2011,0.0,0.0
2013,0.0,0.0
2014,8.0,0.0
2015,5.0,0.0
