xaxis,xlabel,zero,act,inact,late
1,A,0.0,0.0,0.714285714286,0.285714285714
2,R,0.380952380952,0.0952380952381,0.428571428571,0.0952380952381
3,N,0.2,0.1,0.3,0.4
4,D,0.0909090909091,0.272727272727,0.454545454545,0.181818181818
5,C,0.125,0.1875,0.5,0.1875
6,E,0.142857142857,0.357142857143,0.428571428571,0.0714285714286
7,Q,0.0,0.407407407407,0.481481481481,0.111111111111
8,G,0.125,0.25,0.5,0.125
9,H,0.135135135135,0.243243243243,0.459459459459,0.162162162162
10,I,0.272727272727,0.363636363636,0.272727272727,0.0909090909091
11,L,0.0434782608696,0.217391304348,0.478260869565,0.260869565217
12,K,0.0384615384615,0.461538461538,0.346153846154,0.153846153846
13,M,0.0,0.315789473684,0.421052631579,0.263157894737
14,F,0.0,0.285714285714,0.428571428571,0.285714285714
15,P,0.0,0.307692307692,0.461538461538,0.230769230769
16,S,0.0,0.318181818182,0.590909090909,0.0909090909091
17,T,0.0,0.454545454545,0.545454545454,0.0
18,W,0.181818181818,0.272727272727,0.545454545454,0.0
19,Y,0.0,0.333333333333,0.333333333333,0.333333333333
20,V,0.142857142857,0.285714285714,0.5,0.0714285714286
