x,average_residue_mass,percent_buried_residues,v_waals,polarity_ranking,charge,hydrophobicity,helix_propensity
3.7,-59.07090000000001,24.0,-58.0,-2.0,-1,5.799999999999999,2.95
3.7153846153846155,-28.05680000000001,6.3,-34.0,2.0,-1,-3.4,0.18000000000000002
3.730769230769231,0.043400000000019645,-2.0999999999999996,21.0,3.0,1,-1.6,-0.13
3.746153846153846,12.054400000000001,40.0,31.0,-11.0,0,18.5,-0.25000000000000006
3.7615384615384615,34.01710000000001,-17.0,11.0,1.0,0,7.5,0.13000000000000006
3.776923076923077,14.070300000000017,-5.8,39.0,4.0,1,-1.6,-0.39
3.7923076923076926,32.066,-6.0,19.0,1.0,0,1.9000000000000004,-0.37
3.807692307692308,-15.999399999999994,14.0,-6.0,-5.0,0,3.4,-0.5
3.8230769230769233,42.0373,-4.0,36.0,4.0,-1,-1.4,-0.09999999999999998
3.8384615384615386,34.01710000000001,7.0,11.0,-1.0,0,5.699999999999999,0.33000000000000007
3.853846153846154,-53.0428,47.0,-62.0,-8.0,-1,4.4,0.4700000000000001
3.8692307692307693,27.0257,-14.0,23.0,2.0,0,0.0,0.15000000000000002
3.8846153846153846,16.0428,17.0,34.0,-10.0,0,14.5,-2.95
3.9,28.053799999999995,18.0,38.0,-5.0,0,10.5,0.61
3.9153846153846152,-0.9847000000000037,-4.5,5.0,-3.0,1,1.4,-0.039999999999999925
3.930769230769231,-19.046400000000006,19.0,-30.0,-5.0,0,-0.5,0.4
3.9461538461538463,-27.0257,14.0,-23.0,-2.0,0,0.0,-0.15000000000000002
3.9615384615384617,76.09779999999999,-11.0,68.0,-6.0,0,14.9,0.030000000000000027
3.976923076923077,-44.031800000000004,-1.0,-49.0,5.0,0,-21.599999999999998,0.14
3.9923076923076923,-60.09840000000001,-24.0,-62.0,12.0,0,-29.4,-0.040000000000000036
4.007692307692308,28.05680000000001,-6.3,34.0,-2.0,1,3.4,-0.18000000000000002
4.023076923076923,-34.01710000000001,-7.0,-11.0,1.0,0,-5.699999999999999,-0.33000000000000007
4.038461538461538,27.06910000000002,-20.8,42.0,8.0,1,-5.0,-0.4
4.053846153846154,-19.046400000000006,19.0,-30.0,-5.0,0,-0.5,0.4
4.069230769230769,-59.07090000000001,24.0,-58.0,-2.0,-1,5.799999999999999,2.95
4.084615384615384,58.0366,-22.5,43.0,8.0,-1,-0.9,-0.31000000000000005
4.1,-19.046400000000006,19.0,-30.0,-5.0,0,-0.5,0.4
4.115384615384615,24.989000000000004,-50.0,24.0,10.0,1,-12.4,-0.03
4.13076923076923,32.066,-6.0,19.0,1.0,0,1.9000000000000004,-0.37
4.146153846153846,32.066,-6.0,19.0,1.0,0,1.9000000000000004,-0.37
4.161538461538461,-18.039100000000005,-9.0,0.0,-2.0,0,7.899999999999999,-0.03
4.176923076923077,0.9847000000000037,4.5,-5.0,3.0,-1,-1.4,0.039999999999999925
4.1923076923076925,32.066,-6.0,19.0,1.0,0,1.9000000000000004,-0.37
4.207692307692308,-0.941299999999984,-15.8,26.0,2.0,2,-0.20000000000000007,-0.14
4.223076923076923,-60.031199999999984,34.0,-55.0,-1.0,0,-7.1,0.15000000000000002
4.2384615384615385,-26.03479999999999,6.0,-23.0,2.0,1,-12.0,0.07999999999999996
4.253846153846154,-16.0428,-17.0,-34.0,10.0,0,-14.5,2.95
4.269230769230769,26.0813,17.0,51.0,-11.0,0,23.7,-0.29000000000000004
4.2846153846153845,-34.01710000000001,-7.0,-11.0,1.0,0,-5.699999999999999,-0.33000000000000007
4.3,-26.037899999999993,14.0,-23.0,-4.0,0,-5.799999999999999,-3.16
