idx,x,y,z,r,t
121,31.1211666667,29.6865,17.8361579827,43.0094791522,0.761809023576
125,27.1118571429,27.1026428571,13.3982294113,38.3354411423,0.785228203597
126,24.3373333333,31.0337222222,13.4108802049,39.438530763,0.905750321392
137,18.973125,28.369875,-2.9520920173,34.129595365,0.981334021527
141,19.251125,28.31475,-9.6278420173,34.2393177696,0.973689828438
161,30.22,26.523125,-6.0414670173,40.2085135235,0.720339046182
187,36.6998333333,12.686,18.4046579827,38.8305596495,0.332811398545
190,35.4826666667,8.31094444444,17.0632135383,36.4429887816,0.230077843265
216,29.2613333333,14.1971666667,-13.993008684,32.5236094216,0.451725704291
219,30.3418181818,16.7524090909,-12.5255238355,34.6593297819,0.504471525596
220,26.0182857143,14.5673571429,-9.18305630301,29.8187706929,0.510403968667
222,30.1744545455,18.0739545455,-6.44843292639,35.1733640704,0.539670620351
225,27.3149090909,20.2024090909,-0.837342017296,33.9741312136,0.636818969673
226,22.491,20.112875,0.412657982704,30.1723850858,0.729636576508
230,20.9404285714,16.9179285714,8.76994369699,26.9205842415,0.679544003538
245,17.4118333333,3.447,16.0668246494,17.749753492,0.195441735985
270,16.5475555556,-22.4741666667,-12.7894531284,27.9089548752,-0.936126030905
351,10.1526363636,-14.6756818182,-20.0946147446,17.8452139791,-0.965594959403
352,15.2471428571,-12.6670714286,-21.1269134459,19.8224636179,-0.693231440978
353,13.4911111111,-7.79661111111,-20.0692309062,15.581951862,-0.524016420983
356,18.17275,-14.20125,-17.1903420173,23.0634850819,-0.663332455951
367,8.36177777778,-5.00883333333,-9.95200868396,9.74719133731,-0.539695186418
376,-1.658375,-7.040375,-16.1555920173,7.23305521763,-1.80213141316
397,3.03625,-12.018375,-3.0413420173,12.3959732052,-1.32334015711
400,7.02542857143,-10.6359285714,0.943943696989,12.7467495146,-0.987049076233
406,5.23525,-8.86875,10.8372829827,10.298668318,-1.03753746318
411,8.793,-0.4585,13.9274079827,8.80494584027,-0.0520965685483
735,-24.86,18.35675,-8.2723420173,30.9029103898,2.50555369439
750,-28.5147142857,30.5857857143,-10.858056303,41.8160162923,2.32116561098
752,-30.743,28.4672272727,-4.12406929002,41.8988672591,2.39461104708
808,-16.8847272727,30.2195,-12.2727965628,34.6166462172,2.0803220081
811,-17.964,30.1845909091,-6.44425110821,35.1257003396,2.10763322935
812,-17.4235714286,23.9715,-4.18705630301,29.6346697902,2.19931297725
814,-20.2394545455,27.3647727273,-0.882978380933,34.036249892,2.20761921192
817,-20.054,26.8902272727,6.51320343725,33.5447050781,2.21158653159
828,-12.88175,14.31325,13.3821579827,19.2563913708,2.3036046736
846,10.906,13.547625,3.0730329827,17.3919228132,0.893006781213
890,8.661,11.6262142857,-11.283056303,14.4976473822,0.930532202055
897,5.265625,2.356,-5.5434670173,5.76866905279,0.420714880339
927,9.25642857143,3.25978571429,2.38122941128,9.81364727311,0.338601818344
941,-2.0846,8.4899,20.3406579827,8.74207979659,1.8115718419
1206,-29.5751818182,-33.6604090909,13.0737488918,44.8075274898,-2.29168085071
1218,-25.10375,-25.9245,-2.1067170173,36.0870886095,-2.34011164913
1250,-32.1058181818,-24.0427727273,3.8616579827,40.1103288635,-2.49882135008
1275,-30.37175,-16.563375,7.1976579827,34.5946323792,-2.64232292695
1300,-29.2613333333,-14.1971666667,-13.993008684,32.5236094216,-2.6898669493
1304,-26.0182857143,-14.5673571429,-9.18305630301,29.8187706929,-2.63118868492
1306,-30.1744545455,-18.0739545455,-6.44843292639,35.1733640704,-2.60192203324
1309,-27.3149090909,-20.2024090909,-0.837342017296,33.9741312136,-2.50477368392
1319,-15.8471111111,-19.8345,15.4493246494,25.3877592713,-2.2449070781
1320,-16.896,-17.52125,11.5436579827,24.3406864645,-2.33802972602
1325,-19.0648333333,-9.34283333333,15.183991316,21.2310245801,-2.68593195499
1330,-14.7494285714,-1.15607142857,14.2415151256,14.7946660771,-3.06337181587
1332,-19.236,2.22807142857,14.4166579827,19.3646068458,3.02627830492
1333,-15.778,4.3695,14.8109079827,16.3718604395,2.87142722806
1340,-14.73,14.080125,6.5314079827,20.3770169558,2.37874783938
1344,-12.4629090909,15.5495909091,0.319476164522,19.9277163882,2.2464477875
1406,-19.64925,9.65025,-11.2310920173,21.8911020879,2.68506972293
1408,-15.6541666667,11.8988333333,-11.0588420173,19.6630406784,2.49165472036
1438,-2.60685714286,12.4196428571,-19.2473420173,12.6902810395,1.77769074597
1473,-4.539625,-0.62225,22.9515329827,4.58207269728,-3.00537075806
1476,27.538875,-41.71775,23.4866579827,49.987601476,-0.987337166747
1522,25.9612857143,-38.3986428571,20.2426579827,46.3513120549,-0.976292012677
1595,16.581625,-30.31425,7.2572829827,34.5529165296,-1.07026614536
1623,14.1982222222,-29.1627222222,-14.0967864617,32.4353800915,-1.1177142242
1626,16.8847272727,-30.2195,-12.2727965628,34.6166462172,-1.06127064549
1629,17.964,-30.1845909091,-6.44425110821,35.1257003396,-1.03395942424
1631,14.433625,-25.193375,-1.1764670173,29.0350766235,-1.05053151039
1632,20.2394545455,-27.3647727273,-0.882978380933,34.036249892,-0.933973441668
1644,15.762,-22.3704090909,14.7570216191,27.3655960449,-0.9569954642
1652,3.4355,-17.364,16.0088246494,17.7005976241,-1.37546712007
1660,-9.57885714286,-13.7816428571,9.19208655413,16.7835688697,-2.17818880517
1705,-4.65227272727,-11.9691363636,-5.18870565366,12.8414900545,-1.94151405248
1710,-5.265625,-2.356,-5.5434670173,5.76866905279,-2.72087777325
1714,-9.46083333333,0.3955,-13.070008684,9.46909645167,3.09981305135
1748,-19.2532,-3.6573,-12.3647420173,19.5974884495,-2.95387121221
1762,-10.0265714286,-7.5335,6.52151512556,12.5413618424,-2.49722583784
1763,-6.17325,-7.05825,5.1967829827,9.37698824917,-2.28940812545
1764,-6.94375,-2.61725,7.8332829827,7.42062407248,-2.78113827744
1766,-4.861375,-8.93,9.6937829827,10.167490688,-2.06931984269
1768,-4.541,-4.19878571429,13.9740865541,6.18469744405,-2.3953304101
1774,2.0846,-8.4899,20.3406579827,8.74207979659,-1.33002081169
