name,r,dva,dvi,dva_abs,dvi_abs,sum_abs,window
I137V,39.525206193,-0.5,1.6,1.6,0.5,3.2,2.1
I141V,35.1008870382,-7.0,1.5,1.5,7.0,3.0,8.5
E161K,38.9542036709,19.8,1.5,1.5,19.8,3.0,-18.3
R190Q,33.5514950679,0.1,0.8,0.8,0.1,1.6,0.7000000000000001
L212P,40.126602558,-15.4,-9.0,9.0,15.4,18.0,6.4
S216L,32.07289675,-0.2,4.7,4.7,0.2,9.4,4.9
R219Q,34.7649902858,3.3,-0.8,0.8,3.3,1.6,-4.1
T220I,28.7470574978,-2.1,-7.4,7.4,2.1,14.8,-5.300000000000001
R222Q,35.5175291751,-13.9,-6.7,6.7,13.9,13.4,7.2
R225W,34.4713810741,14.0,11.1,11.1,14.0,22.2,-2.9000000000000004
I230T,26.0412255858,15.4,-4.9,4.9,15.4,9.8,-20.3
Q245K,18.3813481283,-3.7,0.7,0.7,3.7,1.4,4.4
Q270K,27.7485326406,5.8,9.9,9.9,5.8,19.8,4.1000000000000005
G298S,13.5027069983,3.6,7.4,7.4,3.6,14.8,3.8000000000000003
L325R,11.2926047048,10.4,4.4,4.4,10.4,8.8,-6.0
A735V,31.9351468081,6.7,-0.1,0.1,6.7,0.2,-6.8
Q750R,40.7960149464,3.2,-1.6,1.6,3.2,3.2,-4.800000000000001
R800L,41.29986341,-1.0,0.9,0.9,1.0,1.8,1.9
R808Q,34.8951664145,13.3,8.2,8.2,13.3,16.4,-5.100000000000001
R811H,35.6360788289,-0.6,-8.4,8.4,0.6,16.8,-7.800000000000001
L812Q,29.4482064789,-0.33,-19.7,19.7,0.33,39.4,-19.37
R814W,34.0747760276,-3.8,1.1,1.1,3.8,2.2,4.9
K817E,34.2226415803,24.0,0.1,0.1,24.0,0.2,-23.9
L828F,19.2017421495,-21.7,-8.4,8.4,21.7,16.8,13.299999999999999
I890T,14.4617715395,4.7,0.7,0.7,4.7,1.4,-4.0
W1206C,44.1337006704,-2.6,0.8,0.8,2.6,1.6,3.4000000000000004
F1250L,40.6896655421,7.5,6.2,6.2,7.5,12.4,-1.2999999999999998
D1275N,35.362932153,12.0,1.4,1.4,12.0,2.8,-10.6
E1295K,43.8716041578,3.4,5.2,5.2,3.4,10.4,1.8000000000000003
P1298L,36.2376103399,-0.5,-8.9,8.9,0.5,17.8,-8.4
K1300Q,30.7142241883,-10.4,-21.0,21.0,10.4,42.0,-10.6
T1304M,29.6652836934,6.7,11.2,11.2,6.7,22.4,4.499999999999999
R1306Q,35.8508704303,5.9,-10.6,10.6,5.9,21.2,-16.5
R1309H,34.7048941858,4.5,-6.2,6.2,4.5,12.4,-10.7
G1319V,25.0480052517,3.7,-6.0,6.0,3.7,12.0,-9.7
M1320V,24.2241388991,0.7,2.4,2.4,0.7,4.8,1.7
N1325S,22.5303472559,-6.4,-2.5,2.5,6.4,5.0,3.9000000000000004
A1330T,15.5141672755,2.4,6.9,6.9,2.4,13.8,4.5
P1332L,19.6094324077,-5.0,-6.4,6.4,5.0,12.8,-1.4000000000000004
S1333Y,15.5364252059,-8.5,7.0,7.0,8.5,14.0,15.5
V1340I,20.0911480812,-1.1,3.6,3.6,1.1,7.2,4.7
F1344S,20.6605642802,9.7,-0.65,0.65,9.7,1.3,-10.35
G1406R,22.3611614325,3.4,-6.3,6.3,3.4,12.6,-9.7
R1432K,16.7966174428,-4.94,0.2,0.2,4.94,0.4,5.140000000000001
D1595N,35.1742587379,-1.3,4.2,4.2,1.3,8.4,5.5
T1620R,34.1828033659,-6.56,-13.48,13.48,6.56,26.96,-6.920000000000001
R1623Q,28.99860724,0.0,-7.2,7.2,0.0,14.4,-7.2
R1626P,33.4801810032,-3.1,-7.1,7.1,3.1,14.2,-3.9999999999999996
R1629Q,34.0515950482,2.3,-20.6,20.6,2.3,41.2,-22.900000000000002
G1631D,28.5252399383,7.8,14.5,14.5,7.8,29.0,6.7
R1632H,33.794970352,-1.4,-20.7,20.7,1.4,41.4,-19.3
R1644H,27.0964754005,1.7,2.1,2.1,1.7,4.2,0.40000000000000013
M1652R,18.0324792661,0.7,7.6,7.6,0.7,15.2,6.8999999999999995
D1690N,15.8909529476,4.7,3.2,3.2,4.7,6.4,-1.5
F1705S,13.4250665515,-1.0,-17.0,17.0,1.0,34.0,-16.0
S1710L,4.4892709797,17.7,-24.3,24.3,17.7,48.6,-42.0
D1714G,9.2048436056,1.9,1.9,1.9,1.9,3.8,0.0
G1748D,19.1439438786,13.4,13.8,13.8,13.4,27.6,0.40000000000000036
I1762A,14.6492695435,4.1,11.8,11.8,4.1,23.6,7.700000000000001
V1763M,9.5848057773,-3.8,11.5,11.5,3.8,23.0,15.3
V1764M,8.2014827699,-0.7,6.0,6.0,0.7,12.0,6.7
M1766L,10.9957147205,7.0,9.0,9.0,7.0,18.0,2.0
I1768V,7.7521463528,0.0,7.6,7.6,0.0,15.2,7.6
